-- phpMyAdmin SQL Dump
-- version 4.7.4
-- https://www.phpmyadmin.net/
--
-- Host: 127.0.0.1
-- Generation Time: May 08, 2018 at 11:39 PM
-- Server version: 10.1.30-MariaDB
-- PHP Version: 7.2.1

SET SQL_MODE = "NO_AUTO_VALUE_ON_ZERO";
SET AUTOCOMMIT = 0;
START TRANSACTION;
SET time_zone = "+00:00";


/*!40101 SET @OLD_CHARACTER_SET_CLIENT=@@CHARACTER_SET_CLIENT */;
/*!40101 SET @OLD_CHARACTER_SET_RESULTS=@@CHARACTER_SET_RESULTS */;
/*!40101 SET @OLD_COLLATION_CONNECTION=@@COLLATION_CONNECTION */;
/*!40101 SET NAMES utf8mb4 */;

--
-- Database: `willey collection`
--

-- --------------------------------------------------------

--
-- Table structure for table `collecter`
--

CREATE TABLE `collecter` (
  `Collecter_ID` varchar(100) NOT NULL,
  `Collecter_Name` varchar(100) NOT NULL
) ENGINE=InnoDB DEFAULT CHARSET=utf8;

--
-- Dumping data for table `collecter`
--

INSERT INTO `collecter` (`Collecter_ID`, `Collecter_Name`) VALUES
('3000', 'A. Loveridge'),
('3001', 'B. Greenberg'),
('3002', 'B. O. Valentine'),
('3003', 'B.D. Valentine'),
('3004', 'Bill Brooks'),
('3005', 'C. T. Brues'),
('3006', 'Clayton W. Barker'),
('3007', 'D.B. Allestis'),
('3008', 'E.O. Wilson'),
('3009', 'F. M. H. Match'),
('3010', 'F.L. Alisaw'),
('3011', 'F.L. Hisaw Jr. '),
('3012', 'G. Alexander'),
('3013', 'G. Fairchild'),
('3014', 'J. Sounder'),
('3015', 'J.R. Hillard'),
('3016', 'M. Kling'),
('3017', 'M. Little'),
('3018', 'M. Young'),
('3019', 'M.D. Alexander'),
('3020', 'M.D. Alexander & G. Alexander'),
('3021', 'Nan Oystee'),
('3022', 'No Collector'),
('3023', 'Percy Gardiner Bolster'),
('3024', 'R. B. Willey'),
('3025', 'R. B. Willey & R. L. Willey'),
('3026', 'R. Gertenwich'),
('3027', 'R. H. Lippitt'),
('3028', 'R. L. Willey'),
('3029', 'R. Weich'),
('3030', 'R. Willey'),
('3031', 'Rick, Ronnie, and JH Hillard'),
('3032', 'Robert Willey'),
('3033', 'Ruth Willey'),
('3034', 'T. Eisner'),
('3035', 'W. M. Wheeler'),
('3036', 'W.E. Schennum'),
('3037', 'W.H. Craig'),
('3038', 'William Reid'),
('3039', 'W. Nutting');

-- --------------------------------------------------------

--
-- Table structure for table `damage`
--

CREATE TABLE `damage` (
  `Damage_ID` varchar(55) CHARACTER SET utf8 NOT NULL,
  `Damage_Status` varchar(55) CHARACTER SET utf8 NOT NULL
) ENGINE=InnoDB DEFAULT CHARSET=utf8mb4;

--
-- Dumping data for table `damage`
--

INSERT INTO `damage` (`Damage_ID`, `Damage_Status`) VALUES
('7002', 'minor damage'),
('7003', 'moderate damage'),
('7001', 'no damage'),
('7004', 'severe damage'),
('7005', 'total loss');

-- --------------------------------------------------------

--
-- Table structure for table `date`
--

CREATE TABLE `date` (
  `Date_ID` varchar(55) NOT NULL,
  `Day` varchar(55) NOT NULL,
  `Month` varchar(55) NOT NULL,
  `Year` varchar(55) NOT NULL
) ENGINE=InnoDB DEFAULT CHARSET=utf8;

--
-- Dumping data for table `date`
--

INSERT INTO `date` (`Date_ID`, `Day`, `Month`, `Year`) VALUES
('2000', 'NA', 'NA', '1878'),
('2001', '3', 'July', '1899'),
('2002', '23', 'July', '1911'),
('2003', '27', 'July', '1911'),
('2004', 'NA', 'NA', '1913'),
('2005', '30', 'July', '1914'),
('2006', 'NA', 'NA', '1916'),
('2007', '18', 'July', '1917'),
('2008', 'NA', 'August', '1926'),
('2009', '7', 'July', '1929'),
('2010', '10', 'July', '1929'),
('2011', '20', 'May', '1929'),
('2012', '19', 'June', '1930'),
('2013', '1', 'March', '1931'),
('2014', '8', 'November', '1931'),
('2015', '14', 'July', '1934'),
('2016', '19', 'July', '1936'),
('2017', '25', 'August', '1938'),
('2018', '26', 'August', '1938'),
('2019', '8', 'July', '1938'),
('2020', '6', 'June', '1940'),
('2021', '13', 'May', '1940'),
('2022', '23-30', 'August', '1941'),
('2023', '2', 'August', '1945'),
('2024', '30', 'July', '1945'),
('2025', '13', 'November', '1945'),
('2026', '17', 'October', '1946'),
('2027', '18', 'April ', '1947'),
('2028', '13', 'July', '1947'),
('2029', '21', 'June', '1947'),
('2030', '10', 'September', '1947'),
('2031', '10', 'April ', '1948'),
('2032', '24', 'December', '1948'),
('2033', '8', 'July', '1948'),
('2034', '2', 'June', '1948'),
('2035', '6', 'June', '1948'),
('2036', '11', 'November', '1948'),
('2037', '17', 'November', '1948'),
('2038', '21', 'November', '1948'),
('2039', '30', 'November', '1948'),
('2040', '1', 'October', '1948'),
('2041', '3', 'October', '1948'),
('2042', '3', 'October', '1948'),
('2043', '5', 'October', '1948'),
('2044', '6', 'October', '1948'),
('2045', '17', 'October', '1948'),
('2046', '20', 'October', '1948'),
('2047', '21', 'October', '1948'),
('2048', '22', 'October', '1948'),
('2049', '28', 'October', '1948'),
('2050', '24', 'September', '1948'),
('2051', '27', 'September', '1948'),
('2052', '28', 'September', '1948'),
('2053', '28', 'September', '1948'),
('2054', '4', 'April ', '1949'),
('2055', '7', 'April ', '1949'),
('2056', '8', 'April ', '1949'),
('2057', '30', 'April ', '1949'),
('2058', '19', 'August', '1949'),
('2059', '22', 'August', '1949'),
('2060', '7', 'July', '1949'),
('2061', '11', 'July', '1949'),
('2062', '14', 'July', '1949'),
('2063', '19', 'July', '1949'),
('2064', '28', 'July', '1949'),
('2065', '8', 'June', '1949'),
('2066', '12', 'June', '1949'),
('2067', '21', 'June', '1949'),
('2068', '27', 'June', '1949'),
('2069', '28', 'June', '1949'),
('2070', '28', 'June', '1949'),
('2071', '30', 'June', '1949'),
('2072', 'NA', 'June-July', '1949'),
('2073', '8', 'March', '1949'),
('2074', '9', 'March', '1949'),
('2075', '10', 'March', '1949'),
('2076', '23', 'March', '1949'),
('2077', '25', 'March', '1949'),
('2078', '3', 'May', '1949'),
('2079', '26', 'May', '1949'),
('2080', '30', 'May', '1949'),
('2081', '1', 'October', '1949'),
('2082', '6', 'October', '1949'),
('2083', '10', 'October', '1949'),
('2084', '11', 'October', '1949'),
('2085', '26', 'October', '1949'),
('2086', '1', 'September', '1949'),
('2087', '9', 'September', '1949'),
('2088', '13', 'September', '1949'),
('2089', '18', 'September', '1949'),
('2090', '23', 'September', '1949'),
('2091', '18', 'April ', '1950'),
('2092', '25', 'April ', '1950'),
('2093', '9', 'May', '1950'),
('2094', '10', 'May', '1950'),
('2095', '13', 'May', '1950'),
('2096', '20', 'May', '1950'),
('2097', '30', 'May', '1950'),
('2098', 'NA', 'May', '1950'),
('2099', '5', 'November', '1950'),
('2100', '26', 'October', '1950'),
('2101', '29', 'September', '1950'),
('2102', '2', 'August', '1951'),
('2103', '21', 'August', '1951'),
('2104', '27', 'August', '1951'),
('2105', '13-30', 'August', '1951'),
('2106', '2', 'July', '1951'),
('2107', '10', 'June', '1951'),
('2108', '17', 'June', '1951'),
('2109', '15', 'May', '1951'),
('2110', 'NA', 'May', '1951'),
('2111', '3', 'Febuary', '1952'),
('2112', '25', 'April ', '1953'),
('2113', 'NA', 'August', '1953'),
('2114', '11', 'June', '1953'),
('2115', '20', 'June', '1953'),
('2116', '7', 'May', '1953'),
('2117', '24', 'May', '1953'),
('2118', 'NA', 'NA', '1953'),
('2119', '5', 'September', '1953'),
('2120', '2', 'August', '1954'),
('2121', '9', 'August', '1954'),
('2122', '11', 'August', '1954'),
('2123', 'NA', 'August', '1954'),
('2124', '31', 'January', '1954'),
('2125', '2', 'July', '1954'),
('2126', '30', 'July', '1954'),
('2127', '2', 'June', '1954'),
('2128', '10', 'June', '1954'),
('2129', '13', 'June', '1954'),
('2130', '28', 'June', '1954'),
('2131', 'NA', 'NA', '1954'),
('2132', '5', 'November', '1954'),
('2133', '11', 'November', '1954'),
('2134', '18', 'November', '1954'),
('2135', '22', 'November', '1954'),
('2136', '4', 'April ', '1955'),
('2137', '10', 'April ', '1955'),
('2138', '28', 'April ', '1955'),
('2139', '1', 'August', '1955'),
('2140', '3', 'August', '1955'),
('2141', '6', 'August', '1955'),
('2142', '15', 'August', '1955'),
('2143', '23', 'Febuary', '1955'),
('2144', '18', 'January', '1955'),
('2145', '3', 'July', '1955'),
('2146', '21', 'May', '1955'),
('2147', '10', 'November', '1955'),
('2148', '26', 'September', '1955'),
('2149', '20', 'April ', '1956'),
('2150', '7', 'August', '1956'),
('2151', '16', 'August', '1956'),
('2152', '15', 'July', '1956'),
('2153', '25', 'July', '1956'),
('2154', '13', 'June', '1956'),
('2155', '15', 'March', '1956'),
('2156', '28', 'November', '1957'),
('2157', '3', 'October', '1957'),
('2158', '3', 'August', '1958'),
('2159', '23', 'August', '1958'),
('2160', '11', 'July', '1958'),
('2161', '2', 'June', '1958'),
('2162', '10', 'June', '1958'),
('2163', '17', 'June', '1958'),
('2164', '16', 'March', '1959'),
('2165', 'NA', 'NA', '1959'),
('2166', '24', 'September', '1959'),
('2167', '26', 'September', '1959'),
('2168', 'NA', 'September', '1959'),
('2169', '1', 'August', '1960'),
('2170', '2', 'August', '1960'),
('2171', '4', 'August', '1960'),
('2172', '5', 'August', '1960'),
('2173', '6', 'August', '1960'),
('2174', '8', 'August', '1960'),
('2175', '10', 'August', '1960'),
('2176', '11', 'August', '1960'),
('2177', '13', 'August', '1960'),
('2178', '15', 'August', '1960'),
('2179', '16', 'August', '1960'),
('2180', '17', 'August', '1960'),
('2181', '18', 'August', '1960'),
('2182', '21', 'August', '1960'),
('2183', '22', 'August', '1960'),
('2184', '24', 'August', '1960'),
('2185', '25', 'August', '1960'),
('2186', '26', 'August', '1960'),
('2187', '26', 'August', '1960'),
('2188', '27', 'August', '1960'),
('2189', '28', 'August', '1960'),
('2190', '29', 'August', '1960'),
('2191', '30', 'August', '1960'),
('2192', '31', 'August', '1960'),
('2193', '29', 'Febuary', '1960'),
('2194', '1', 'July', '1960'),
('2195', '2', 'July', '1960'),
('2196', '8', 'July', '1960'),
('2197', '9', 'July', '1960'),
('2198', '14', 'July', '1960'),
('2199', '15', 'July', '1960'),
('2200', '16', 'July', '1960'),
('2201', '17', 'July', '1960'),
('2202', '20', 'July', '1960'),
('2203', '21', 'July', '1960'),
('2204', '22', 'July', '1960'),
('2205', '23', 'July', '1960'),
('2206', '24', 'July', '1960'),
('2207', '26', 'July', '1960'),
('2208', '27', 'July', '1960'),
('2209', '28', 'July', '1960'),
('2210', '29', 'July', '1960'),
('2211', '23', 'June', '1960'),
('2212', '10', 'March', '1960'),
('2213', '29', 'May', '1960'),
('2214', '30', 'May', '1960'),
('2215', '2', 'October', '1960'),
('2216', '3', 'September', '1960'),
('2217', '4', 'September', '1960'),
('2218', '13', 'September', '1960'),
('2219', '10', 'August', '1961'),
('2220', '30', 'August', '1961'),
('2221', '1', 'August', '1962'),
('2222', '9', 'August', '1962'),
('2223', '10', 'August', '1962'),
('2224', '12', 'August', '1962'),
('2225', '15', 'August', '1962'),
('2226', '17', 'August', '1962'),
('2227', '18', 'August', '1962'),
('2228', '28', 'August', '1962'),
('2229', '29', 'August', '1962'),
('2230', '30', 'August', '1962'),
('2231', '22', 'December', '1962'),
('2232', '1', 'July', '1962'),
('2233', '4', 'July', '1962'),
('2234', '7', 'July', '1962'),
('2235', '9', 'July', '1962'),
('2236', '12', 'July', '1962'),
('2237', '15', 'July', '1962'),
('2238', '21', 'July', '1962'),
('2239', '6', 'June', '1962'),
('2240', '18', 'June', '1962'),
('2241', '22', 'June', '1962'),
('2242', '1', 'September', '1962'),
('2243', '2', 'September', '1962'),
('2244', '12', 'September', '1962'),
('2245', '20', 'September', '1962'),
('2246', '11', ' June ', '1963'),
('2247', '1', 'August', '1963'),
('2248', '15', 'August', '1963'),
('2249', '16', 'August', '1963'),
('2250', '18', 'August', '1963'),
('2251', '23', 'August', '1963'),
('2252', '2', 'July', '1963'),
('2253', '4', 'July', '1963'),
('2254', '7', 'July', '1963'),
('2255', '12', 'July', '1963'),
('2256', '13', 'July', '1963'),
('2257', '18', 'July', '1963'),
('2258', '26', 'July', '1963'),
('2259', '28', 'July', '1963'),
('2260', '29', 'July', '1963'),
('2261', '12', 'June', '1963'),
('2262', '13', 'June', '1963'),
('2263', '18', 'June', '1963'),
('2264', '20', 'June', '1963'),
('2265', '21', 'June', '1963'),
('2266', '22', 'June', '1963'),
('2267', '28', 'June', '1963'),
('2268', '30', 'June', '1963'),
('2269', '21', 'March', '1963'),
('2270', 'NA', 'NA', '1963'),
('2271', '2', 'April ', '1964'),
('2272', '14', 'April ', '1964'),
('2273', '26', 'April ', '1964'),
('2274', '12', 'August', '1964'),
('2275', '30', 'August', '1964'),
('2276', '5', 'July', '1964'),
('2277', '6', 'July', '1964'),
('2278', '9', 'July', '1964'),
('2279', '11', 'July', '1964'),
('2280', '13', 'July', '1964'),
('2281', '14', 'July', '1964'),
('2282', '15', 'July', '1964'),
('2283', '23', 'July', '1964'),
('2284', '30', 'July', '1964'),
('2285', '6', 'July ', '1964'),
('2286', 'NA', 'July-November', '1964'),
('2287', '2', 'June', '1964'),
('2288', '6', 'June', '1964'),
('2289', '7', 'June', '1964'),
('2290', '8', 'June', '1964'),
('2291', '14', 'June', '1964'),
('2292', '17', 'June', '1964'),
('2293', '18', 'June', '1964'),
('2294', '23', 'June', '1964'),
('2295', '25', 'June', '1964'),
('2296', '28', 'June', '1964'),
('2297', '29', 'June', '1964'),
('2298', '30', 'June', '1964'),
('2299', '7', 'May', '1964'),
('2300', '9', 'May', '1964'),
('2301', '13', 'May', '1964'),
('2302', '19', 'May', '1964'),
('2303', '20', 'May', '1964'),
('2304', '23', 'May', '1964'),
('2305', '25', 'May', '1964'),
('2306', '30', 'May', '1964'),
('2307', '2', 'May ', '1964'),
('2308', 'NA', 'NA', '1964'),
('2309', 'NA', 'September', '1964'),
('2310', '28', 'August', '1965'),
('2311', 'NA', 'August', '1965'),
('2312', '5', 'July', '1965'),
('2313', '7', 'July', '1965'),
('2314', '7', 'July', '1965'),
('2315', '14', 'July', '1965'),
('2316', '8', 'June', '1965'),
('2317', '14', 'June', '1965'),
('2318', '19', 'June', '1965'),
('2319', '20', 'June', '1965'),
('2320', '21', 'June', '1965'),
('2321', '22', 'June', '1965'),
('2322', '26', 'June', '1965'),
('2323', '27', 'June', '1965'),
('2324', '28', 'June', '1965'),
('2325', '30', 'June', '1965'),
('2326', '10', 'April ', '1966'),
('2327', '12', 'August', '1966'),
('2328', '26', 'December', '1966'),
('2329', '19', 'January', '1966'),
('2330', '2', 'July', '1966'),
('2331', '5', 'July', '1966'),
('2332', '8', 'July', '1966'),
('2333', '10', 'July', '1966'),
('2334', '12', 'July', '1966'),
('2335', '15', 'July', '1966'),
('2336', '16', 'July', '1966'),
('2337', '17', 'July', '1966'),
('2338', '26', 'July', '1966'),
('2339', '31', 'July', '1966'),
('2340', '15', 'June', '1966'),
('2341', '19', 'June', '1966'),
('2342', '22', 'June', '1966'),
('2343', '23', 'June', '1966'),
('2344', '27', 'June', '1966'),
('2345', '29', 'June', '1966'),
('2346', '20', 'May', '1966'),
('2347', '27', 'May', '1966'),
('2348', '10', 'September', '1966'),
('2349', '14', 'September', '1966'),
('2350', '20', 'April ', '1967'),
('2351', '5', 'August', '1967'),
('2352', '1', 'July', '1967'),
('2353', '2', 'July', '1967'),
('2354', '3', 'July', '1967'),
('2355', '4', 'July', '1967'),
('2356', '5', 'July', '1967'),
('2357', '6', 'July', '1967'),
('2358', '22', 'July', '1967'),
('2359', '27', 'July', '1967'),
('2360', '2', 'June', '1967'),
('2361', '4', 'June', '1967'),
('2362', '5', 'June', '1967'),
('2363', '6', 'June', '1967'),
('2364', '7', 'June', '1967'),
('2365', '8', 'June', '1967'),
('2366', '11', 'June', '1967'),
('2367', '16', 'June', '1967'),
('2368', '17', 'June', '1967'),
('2369', '18', 'June', '1967'),
('2370', '19', 'June', '1967'),
('2371', '22', 'June', '1967'),
('2372', '24', 'June', '1967'),
('2373', '25', 'June', '1967'),
('2374', '26', 'June', '1967'),
('2375', '28', 'June', '1967'),
('2376', '5', 'May', '1967'),
('2377', '7', 'May', '1967'),
('2378', '8', 'May', '1967'),
('2379', '9', 'May', '1967'),
('2380', '10', 'May', '1967'),
('2381', '15', 'May', '1967'),
('2382', '16', 'May', '1967'),
('2383', '17', 'May', '1967'),
('2384', '18', 'May', '1967'),
('2385', '19', 'May', '1967'),
('2386', '21', 'May', '1967'),
('2387', '7', 'May ', '1967'),
('2388', '8', 'May ', '1967'),
('2389', '16', 'May ', '1967'),
('2390', '18', 'May ', '1967'),
('2391', '23', 'May ', '1967'),
('2392', 'NA', 'NA', '1967'),
('2393', '6', 'September', '1967'),
('2394', '14', 'July', '1968'),
('2395', '17', 'July', '1968'),
('2396', 'NA', 'July', '1968'),
('2397', '10', 'June', '1968'),
('2398', '14', 'June', '1968'),
('2399', '18', 'June', '1968'),
('2400', '16', 'March', '1968'),
('2401', '17', 'May', '1968'),
('2402', '18', 'May', '1968'),
('2403', '4', 'October', '1970'),
('2404', '21', 'April ', '1971'),
('2405', '21', 'August', '1971'),
('2406', 'NA', 'Febuary ', '1971'),
('2407', 'NA', 'June', '1971'),
('2408', '14', 'May', '1972'),
('2409', '15', 'August', '1973'),
('2410', '23', 'August', '1973'),
('2411', '26', 'August', '1973'),
('2412', '29', 'August', '1973'),
('2413', 'NA', 'August', '1973'),
('2414', '12', 'July', '1973'),
('2415', '29', 'July', '1973'),
('2416', '16', 'June', '1973'),
('2417', '28', 'June', '1973'),
('2418', '15', 'May ', '1973'),
('2419', '15', 'May-August', '1973'),
('2420', '14', 'September', '1973'),
('2421', '4', 'July', '1974'),
('2422', '9', 'July', '1974'),
('2423', '10', 'July', '1974'),
('2424', '14', 'July', '1974'),
('2425', '20', 'July', '1974'),
('2426', '26', 'June', '1974'),
('2427', '5', 'May', '1974'),
('2428', '20', 'May', '1974'),
('2429', '10', 'June', '1976'),
('2430', '14', 'July', '1978'),
('2431', '1', 'April ', '1979'),
('2432', '2', 'April ', '1979'),
('2433', '6', 'April ', '1979'),
('2434', '14', 'April ', '1979'),
('2435', '15', 'April ', '1979'),
('2436', '20', 'April ', '1979'),
('2437', '30', 'April ', '1979'),
('2438', '4', 'July', '1979'),
('2439', '5', 'July', '1979'),
('2440', '12', 'July', '1979'),
('2441', '13', 'July', '1979'),
('2442', '3', 'June', '1979'),
('2443', '12', 'June', '1979'),
('2444', '13', 'June', '1979'),
('2445', '22', 'June', '1979'),
('2446', '26', 'June', '1979'),
('2447', '26', 'June', '1979'),
('2448', '27', 'June', '1979'),
('2449', '28', 'June', '1979'),
('2450', '30', 'June', '1979'),
('2451', '12', 'March', '1979'),
('2452', '1', 'May', '1979'),
('2453', '6', 'May', '1979'),
('2454', '14', 'May', '1979'),
('2455', 'NA', 'NA', '1979'),
('2456', '29', 'April ', '1980'),
('2457', '1', 'July', '1980'),
('2458', '5', 'July', '1980'),
('2459', '8', 'July', '1980'),
('2460', '16', 'July', '1980'),
('2461', '17', 'July', '1980'),
('2462', '1', 'June', '1980'),
('2463', '1', 'June', '1980'),
('2464', '5', 'June', '1980'),
('2465', '23', 'June', '1980'),
('2466', '29', 'June', '1980'),
('2467', 'NA', 'NA', '1980'),
('2468', '17', 'November', '1980'),
('2469', '19', 'September', '1980'),
('2470', '4', 'April ', '1981'),
('2471', '6', 'April ', '1981'),
('2472', '7', 'April ', '1981'),
('2473', '10', 'April ', '1981'),
('2474', '12', 'April ', '1981'),
('2475', '15', 'April ', '1981'),
('2476', '16', 'April ', '1981'),
('2477', '25', 'Febuary ', '1981'),
('2478', '28', 'febuary ', '1981'),
('2479', '2', 'July', '1981'),
('2480', '4', 'March', '1981'),
('2481', '5', 'March', '1981'),
('2482', '7', 'March', '1981'),
('2483', '8', 'March', '1981'),
('2484', '12', 'March', '1981'),
('2485', '13', 'March', '1981'),
('2486', '16', 'March', '1981'),
('2487', '17', 'March', '1981'),
('2488', '18', 'March', '1981'),
('2489', '20', 'March', '1981'),
('2490', '23', 'March', '1981'),
('2491', '25', 'March', '1981'),
('2492', '25', 'March', '1981'),
('2493', '28', 'March', '1981'),
('2494', '30', 'March', '1981'),
('2495', '12', 'March ', '1981'),
('2496', '20', 'May', '1981'),
('2497', '26', 'August', '1982'),
('2498', '27', 'August', '1982'),
('2499', '28', 'August', '1982'),
('2500', '30', 'July', '1982'),
('2501', '12', 'September', '1983'),
('2502', '23', 'September', '1983'),
('2503', '4', 'April ', '1984'),
('2504', 'NA', 'NA', '1984'),
('2505', '28', 'April ', '1985'),
('2506', '22', 'January', '1985'),
('2507', '23', 'June', '1985'),
('2508', '24', 'June', '1985'),
('2509', '2', 'March', '1985'),
('2510', '30', 'March', '1985'),
('2511', '13', 'May', '1985'),
('2512', '8', 'November', '1985'),
('2513', '20', 'October', '1985'),
('2514', '17', 'June', '1986'),
('2515', 'NA', 'NA', '1988'),
('2516', '5', 'November', '1989'),
('2517', '29', 'October', '1989'),
('2518', '17', 'September', '1989'),
('2519', '30', 'August', '1990'),
('2520', '21', 'June', '1990'),
('2521', '21', 'March', '1990'),
('2522', '7', 'May ', '1990'),
('2523', '5', 'November', '1990'),
('2524', '14', 'November', '1990'),
('2525', '19', 'December', '1991'),
('2526', '2', 'July', '1991'),
('2527', '5', 'July', '1991'),
('2528', '25', 'June', '1991'),
('2529', '28', 'June', '1991'),
('2530', '10', 'May', '1991'),
('2531', '3', 'May ', '1991'),
('2532', '19', 'November', '1991'),
('2533', '21', 'November', '1991'),
('2534', '29', 'November', '1991'),
('2535', '20', 'July', '1992'),
('2536', '7', 'June', '1992'),
('2537', '18', 'May', '1992'),
('2538', '21', 'April ', 'NA'),
('2539', '7', 'August', 'NA'),
('2540', '24', 'August', 'NA'),
('2541', '11', 'June', 'NA'),
('2542', '14', 'June', 'NA'),
('2543', '24', 'June', 'NA'),
('2544', '25', 'June', 'NA'),
('2545', 'NA', 'NA', 'NA');

-- --------------------------------------------------------

--
-- Stand-in structure for view `drawer name n specimen number`
-- (See below for the actual view)
--
CREATE TABLE `drawer name n specimen number` (
`Specimen_ID` varchar(55)
,`Drawer_ID` varchar(55)
,`Drawer_Label` varchar(55)
);

-- --------------------------------------------------------

--
-- Stand-in structure for view `drawer number and tray`
-- (See below for the actual view)
--
CREATE TABLE `drawer number and tray` (
`Specimen_Location_ID` varchar(50)
,`Drawer_ID` varchar(55)
,`Drawer_Number` varchar(55)
,`Tray_Number` varchar(55)
);

-- --------------------------------------------------------

--
-- Table structure for table `drawer_information`
--

CREATE TABLE `drawer_information` (
  `Drawer_ID` varchar(55) NOT NULL,
  `Drawer_Number` varchar(55) NOT NULL,
  `Drawer_Type` varchar(55) NOT NULL,
  `Drawer_Label` varchar(55) NOT NULL
) ENGINE=InnoDB DEFAULT CHARSET=utf8;

--
-- Dumping data for table `drawer_information`
--

INSERT INTO `drawer_information` (`Drawer_ID`, `Drawer_Number`, `Drawer_Type`, `Drawer_Label`) VALUES
('5000', 'W1', 'kit', 'A. pseudo - 89; coll. 1990; vaportaped 10/96; PDB 10-7-'),
('5001', 'W2', 'orange 4-hook', '12/29/12 VA removed vaportape, Red dot'),
('5002', 'W3', 'Bioquip 4 hook', '1966 University of Illinois 1BA 164666; w/red dot'),
('5003', 'W4', 'handmade?', 'A. pseudo; Mich + Wisc 1; + Colo x\'s too; vaportaped 10'),
('5004', 'W6', 'orange 4-hook', 'Labelling complete'),
('5005', 'W7', 'handmade', 'A. conspersa; Cowpe + X\'s; 1985; insect damage; PDB 10-'),
('5006', 'W8', 'orange 4 hook', 'small red dot; University of Illinois label, 1BA 163664'),
('5007', 'W9', 'Bioquip', 'small red dot; U of Illinois label, 1BA 164665, State o'),
('5008', 'W10', 'Bioquip', '1984 small red dot, U of Illinois;  1BA 164663'),
('5009', 'W11', 'kit', 'Arphia conspersa, PDB 10-7-03'),
('5010', 'W12', 'Bioquip', '1967 small red dot, U of Illinois;  1BA 164223'),
('5011', 'W13', 'Bioquip', '1967 small red dot. University of Illinois IBA 164664'),
('5012', 'W14', 'orange 4 hook', 'complete Arphia labeling U of Illinois 164661'),
('5013', 'W15', 'Kit', 'Apseudo color crosses + A simplex F1 + 3 PDB 10-7-03'),
('5014', 'W16', 'kit (cracked glass)', 'A. psuedo S was reared Pops Vaportaped 10/96 PDB 10/17/'),
('5015', 'W17', 'kit', 'A. psuedo S was reared Pops Vaportaped 10/96 PDB 10/17/'),
('5016', 'W18', 'kit', '1972 Kazar mouse damage unused 1965-71 (1-15) (1-4) (1-'),
('5017', 'W19', 'kit', 'A pseudo self x reared Vapor taped 10/76 PDB 10-7-03'),
('5018', 'W20', 'kit', '1881 Arphia, #7401-7409, Vaportaped 10/96 \"Good pops\" P'),
('5019', 'W21', 'kit', '1873 Arphia- 28, 10, 1 (misc); 31, Trimerotropis (Sand '),
('5020', 'W22', '4 hook', 'U of Illinois; small red dot; 1BA 164665'),
('5021', 'W23', 'kit', '16, 17, 18, 19, 20 1/2 empty; labels in #s checked; vap'),
('5022', 'W24', '4 hook', '1 BA 164658'),
('5023', 'W25', '4 hook', 'Arphia completed labelleng 1 BA 164652'),
('5024', 'W26', 'kit', 'part 51, 54, 55, 56, 57 part (red marked); labels in #\''),
('5025', 'W27', '4 hook', 'No Label'),
('5026', 'W28', '4 hook', 'IBA 164227'),
('5027', 'W29', '4 hook', '1 BA 164651'),
('5028', 'W30', '4 hook', 'IBA 164653'),
('5029', 'W31', 'NA', 'A pseudo Riverfalls; color X\'s vaprotaped 10/96 PDB 10/'),
('5030', 'W32', 'kit', 'Arphia ps pseuconietana; [indigu?] + Wisc; second label'),
('5031', 'W33', 'kit', 'IBA 164662'),
('5032', 'W34', 'kit', 'A. pseudaneitinam + some Burnarea A.C. + A. simplex ins'),
('5033', 'W35', 'kit', 'A pseudo coloro crosses vaportaped 10/96 PDB 10-7-03'),
('5034', 'W36', '4 hook', '1967 1BA 164660'),
('5035', 'W37', 'kit', 'A. pseudo X\'s + reared; vaportaped 10/96'),
('5036', 'W38', 'kit', 'A. conspersa 1966 + A. ps; labelled;[ ocon dump?] 1980;'),
('5037', 'W39', 'kit', 'A conspersa; 1968- (Cowpe!) 1979; 1 labelled; vaportape'),
('5038', 'W40', 'kit', 'Misc Arphia females + good series of polymorhic X coral'),
('5039', 'W41', 'kit', 'A conspers spr ck [manitou] + \"stop 1\" 1967 Corral Ck; '),
('5040', 'W42', 'kit', 'A. pseudonietana; River Falls X\'s (color); Vaportaped 1'),
('5041', 'W43', 'kit', 'A pseudo River Falls; reared, Holmans; A simplex F1; va'),
('5042', 'W44', 'kit', '1BA 164650l Big Meadows; Burn Area; Holman Ranch; non t'),
('5043', 'W45', '4 hook', '1BA 164225; 1967- unspread but good pops; PDB 10-7-03; '),
('5044', 'W46', '4 hook', '1BA 164650'),
('5045', 'W47', '4 hook', 'Table Mesa Boulder Co Colorado; May-June 1964; Arphia c'),
('5046', 'W48', 'kit', 'A. pseudonietana; UPM crosses; badly insect dam; vaport'),
('5047', 'W49', 'kit', 'Not Schennum thesis; pops; 1972- 33, (34), 45, 36,(37),'),
('5048', 'W50', 'kit', '1985; A. conspersa and A. pseudo (comowpie + manitou); '),
('5049', 'W51', 'kit', 'A. pseudontietana; Holmer + Riverfalls reared X\'s; vapo'),
('5050', 'W52', 'kit', 'Arphia ps. pseudonietana; Mids+ Wisc (also some A. sulp'),
('5051', 'W53', 'kit', '1973 Arphia 3, 8, 12, 15, 20, 30, 32; Populations not -'),
('5052', 'W54', 'kit', '1BA 164561; non-thesis pops; labels in # checked with a'),
('5053', 'W55', '4hook', 'Demonstration Poses- Aphia 1BA 164655'),
('5054', 'W56', 'kit', 'A. simplex A conspersa; A pseudonietana; 1989; vaportap'),
('5055', 'W57', 'kit', '1967 mating culture'),
('5056', 'W58', 'kit/broken glass', 'Riverfalls A. ps.; altona etc. reared; A. simplex; vapo'),
('5057', 'W59', '4 hook', '1BA 164225'),
('5058', 'W60', 'kit', '32, 34, 27, 40, 43, 44; labels in + on pins; # checked;'),
('5059', 'W61', 'NA', 'No Label'),
('5060', 'W62', 'NA', 'No Label'),
('5061', 'W63', 'NA', 'No Label'),
('5062', 'W64', 'NA', 'No Label'),
('5063', 'W65', 'NA', 'No Label'),
('5064', 'W66', 'NA', 'No Label'),
('5065', 'W67', 'NA', 'No Label'),
('5066', 'W68', 'NA', 'No Label'),
('5067', 'W69', 'NA', 'No Label'),
('5068', 'W70', 'kit', 'Arphia conspersa all labeled; Colorado A. conspersa 197'),
('5069', 'W71', 'kit', 'Arphia conspersa 1978-88 + x\'s 5 labelled'),
('5070', 'W72', 'kit', 'A pseudonietana; Wisconsin/Michigan; minor insect damag'),
('5071', 'W73', 'kit', 'unused Ellis some labels; 1BA 164654; vaportaped 10/96;'),
('5072', 'W74', 'kit', 'non-thesis Arphia misc. labels in # cheked 1974 Arphia'),
('5073', 'W75', 'kit (broken glass)', 'A pseudo Ariba, cadillac reared vaportaped 10/96; Sue\'s'),
('5074', 'W76', 'Kit', '1BA 163665; Schennum Not thesis; 1972 #23, 24, 26, 27, '),
('5075', 'W77', 'NA', 'No Label'),
('5076', 'W78', 'NA', 'No Label'),
('5077', 'W79', 'USNM', 'Trimerotropsis-circotettix'),
('5078', 'W80', 'USNM', 'Rimerotropini'),
('5079', 'W81', 'USNM', 'Regional Collection RB Willey Personal SES 33.55'),
('5080', 'W82', 'USNM', 'Circotettix-Trimerotropis'),
('5081', 'W83', 'USNM', 'to be labeled'),
('5082', 'W84', 'USNM', 'Arphia'),
('5083', 'W85', 'USNM', 'Misc. Orthoptera'),
('5084', 'W86', 'USNM', 'No Label'),
('5085', 'W87', 'USNM', 'Lepidoptera'),
('5086', 'W88', 'USNM', 'Misc Orders'),
('5087', 'W89', 'USNM', 'Odonata'),
('5088', 'W90', 'USNM', 'Odonata - Lepidoptera');

-- --------------------------------------------------------

--
-- Table structure for table `locality`
--

CREATE TABLE `locality` (
  `Locality_ID` varchar(55) NOT NULL,
  `Locality` varchar(55) NOT NULL,
  `State` varchar(55) NOT NULL,
  `County` varchar(55) NOT NULL,
  `Country` varchar(55) NOT NULL,
  `Latitude` varchar(55) NOT NULL,
  `Longitude` varchar(55) NOT NULL,
  `Altitude` varchar(55) NOT NULL
) ENGINE=InnoDB DEFAULT CHARSET=utf8;

--
-- Dumping data for table `locality`
--

INSERT INTO `locality` (`Locality_ID`, `Locality`, `State`, `County`, `Country`, `Latitude`, `Longitude`, `Altitude`) VALUES
('6000', ' 1 mi E crawford Colo Dirt Road Cedar Sage ', 'Colorado', 'NA', 'USA', 'NA', 'NA', 'NA'),
('6001', ' 1 mi So. St. Johns Apache Co. Ariz RTE 01 VIII-16-59 i', 'Arizona', 'Apach', 'USA', 'NA', 'NA', 'NA'),
('6002', ' 1 mi W. Princeton Hot Spr Chatteaa Co. Colo. ', 'Colorado', 'Chattee', 'USA', 'NA', 'NA', 'NA'),
('6003', ' 1 Mi. W Los Pinos Pass Saquache Co. Colo', 'Colorado', 'Saquache', 'USA', 'NA', 'NA', 'NA'),
('6004', ' 1/2 Mi W Kebler Pass Open Area in Spruce Fo. 16 Aug 60', 'NA', 'NA', 'USA', 'NA', 'NA', 'NA'),
('6005', ' 1/4m SW of Kenaha Pass on Rt 285, 1 mi N of Jefferson,', 'Colorado', 'NA', 'USA', 'NA', 'NA', '9800'),
('6006', ' 1/4m W Los Pinos Pass Saquache Co Colo', 'Colorado', 'Saquache', 'USA', 'NA', 'NA', 'NA'),
('6007', ' 10mi S H. Nebraska ', 'Nebraska', 'NA', 'USA', 'NA', 'NA', 'NA'),
('6008', ' 1mi W Los Pinos Pass Saquache Co Colo. ', 'Colorado', 'Saquache', 'USA', 'NA', 'NA', 'NA'),
('6009', ' 3 mi S of Glenwood Spgs Garfield Co. Colo. ', 'Colorado', 'Garfield', 'USA', 'NA', 'NA', 'NA'),
('6010', ' 3.3 mi E Utah on Colo 90', 'Colorado', 'NA', 'USA', 'NA', 'NA', 'NA'),
('6011', ' 5.5 mi S campground Burt Lake in SP on So. Straits Hy', 'Michegan', 'NA', 'USA', 'NA', 'NA', 'NA'),
('6012', ' Almont Hills-Dump Gunnison Co. Colo ', 'Colorado', 'Gunnison', 'USA', 'NA', 'NA', 'NA'),
('6013', ' Austin Tex', 'Texas', 'NA', 'USA', 'NA', 'NA', 'NA'),
('6014', ' b. Copper CK Rd Nr Judd Falls Gothic, Colo. ', 'Colorado', 'NA', 'USA', 'NA', 'NA', 'NA'),
('6015', ' Big Meadows Saquache Co Colo ', 'Colorado', 'Saquache', 'USA', '38\'05\"', '106\'55\"', 'NA'),
('6016', ' Black Canyon Rd 2mi S Crawford Colo', 'Colorado', 'NA', 'USA', 'NA', 'NA', 'NA'),
('6017', ' Black Mesa Rd Montrose Co Colo', 'Colorado', 'Montrose', 'USA', 'NA', 'NA', 'NA'),
('6018', ' Booneville ', 'Missouri', 'NA', 'USA', 'NA', 'NA', 'NA'),
('6019', ' Burlington,Mass', 'Massachusetts', 'NA', 'USA', 'NA', 'NA', 'NA'),
('6020', ' Burn Area, mid connection below Mesa Ck + Myers Gulch,', 'Colorado', 'Gunnison', 'USA', 'NA', 'NA', 'NA'),
('6021', ' Cambridge, Havard Bio Lab', 'Massachusetts', 'NA', 'USA', 'NA', 'NA', 'NA'),
('6022', ' Carpenter Ranch Soap Ck,  Blue Meadow', 'NA', 'NA', 'USA', 'NA', 'NA', 'NA'),
('6023', ' Cathedral 3m E Highway Grassland Saquache Co. Colo.', 'Colorado', 'Saquache', 'USA', 'NA', 'NA', 'NA'),
('6024', ' Cathedral Grassland Hinsdale Colo', 'Colorado', 'Hinsdale', 'USA', 'NA', 'NA', 'NA'),
('6025', ' Cawford Res. 1mi S. Cawford, SR 92.6600', 'Colorado', 'Delta', 'USA', '4284500N', '273000', 'NA'),
('6026', ' Cement Ck Gunnison Co Colo 3.6mi S Mt Tilton ', 'Colorado', 'Gunnison', 'USA', '38\'45\" ', '106\'55\"', '10500'),
('6027', ' Cement CK RD (5mi E. 135)', 'Colorado', 'NA', 'USA', 'NA', 'NA', 'NA'),
('6028', ' Chalk Cliffs Chattae Co Colo Mt Princeton Hot Spr ', 'Colorado', 'Chattee', 'USA', 'NA', 'NA', 'NA'),
('6029', ' chalk cliffs san lavel nf ', 'NA', 'NA', 'USA', 'NA', 'NA', 'NA'),
('6030', ' Chicken Ranch Gulch Flagstaff Mtn. ', 'Colorado', 'Boulder', 'USA', 'NA', 'NA', 'NA'),
('6031', ' Coconut Grove Fla VII-10-29;', 'Florida ', 'NA', 'USA', 'NA', 'NA', 'NA'),
('6032', ' Colo ', 'Colorado', 'NA', 'USA', 'NA', 'NA', 'NA'),
('6033', ' Columbia ', 'Missouri', 'NA', 'USA', 'NA', 'NA', 'NA'),
('6034', ' Como Col/ about 10,000 ft. about 7 miles NE of Fariday', 'Colorado', 'NA', 'USA', 'NA', 'NA', '10000'),
('6035', ' Crystal Mt White RNF Colo', 'Colorado', 'NA', 'USA', 'NA', 'NA', 'NA'),
('6036', ' Curecamt Elk Ck Cmpgnd Nat Rec Area', 'NA', 'NA', 'USA', 'NA', 'NA', 'NA'),
('6037', ' Deer Cr Cpgd Pale NF', 'NA', 'NA', 'USA', 'NA', 'NA', 'NA'),
('6038', ' Douglas Co. Ka. ', 'Kansas', 'Douglas', 'USA', 'NA', 'NA', 'NA'),
('6039', ' Dry Gulch west of Gunn ', 'NA', 'NA', 'USA', 'NA', 'NA', 'NA'),
('6040', ' Dry Lake Park Hinsdale Co. Colo. ', 'Colorado', 'Hinsdale', 'USA', 'NA', 'NA', 'NA'),
('6041', ' E. Portal Turn Off Black CN NM', 'NA', 'NA', 'USA', 'NA', 'NA', 'NA'),
('6042', ' E. Shore Meridan L, Rocky Biol Lab Gunnison Colo ', 'Colorado', 'Gunnison', 'USA', 'NA', 'NA', 'NA'),
('6043', ' East Bostwick', 'NA', 'NA', 'USA', 'NA', 'NA', '7100'),
('6044', ' Elk Park White R. NF Colo. ', 'Colorado', 'NA', 'USA', 'NA', 'NA', 'NA'),
('6045', ' Epoufatte MI 1/2 mi Nm Forest Rt #', 'Michegan', 'NA', 'USA', 'NA', 'NA', 'NA'),
('6046', ' escalente canyon ', 'NA', 'NA', 'USA', 'NA', 'NA', 'NA'),
('6047', ' Flat Camp Superior Pinal Co. Ariz ', 'Arizona', 'Pinal', 'USA', 'NA', 'NA', 'NA'),
('6048', ' Floresta Gunnison Co. Colo. ', 'Colorado', 'Gunnison', 'USA', 'NA', 'NA', 'NA'),
('6049', ' Forest Hills Mass', 'Massachusetts', 'NA', 'USA', 'NA', 'NA', 'NA'),
('6050', ' Fossil Ridge Summit Gunnison Co Colo Alpine Meadow  ', 'Colorado', 'Gunnison', 'USA', ' 38\'36\"', '106\'38\"', '12000'),
('6051', ' Gothic ', 'Colorado', 'NA', 'USA', 'NA', 'NA', 'NA'),
('6052', ' Gothic Col. Aspen Grove  North Pole Basin in ', 'Colorado', 'NA', 'USA', 'NA', 'NA', '1200'),
('6053', ' Gothic, Schofield Road 1 Mi From G. Porphyry Ridge ', 'Colorado', 'NA', 'USA', 'NA', 'NA', 'NA'),
('6054', ' Greenhouse Harvard U. ', 'Massachusetts', 'NA', 'USA', 'NA', 'NA', 'NA'),
('6055', ' Gunn River near Cny of N Fork', 'NA', 'NA', 'USA', 'NA', 'NA', 'NA'),
('6056', ' Gunnison R Sapinero-Cimaron Seepage Area Cliff', 'Colorado', 'NA', 'USA', 'NA', 'NA', 'NA'),
('6057', ' Healigh. Michigan at campground', 'Michegan', 'NA', 'USA', 'NA', 'NA', 'NA'),
('6058', ' Henson Ck ', 'NA', 'NA', 'USA', 'NA', 'NA', 'NA'),
('6059', ' Indian Gulch Road South Park 4mi E. of Indian Mt. Rnch', 'Colorado', 'Park', 'USA', 'NA', 'NA', 'NA'),
('6060', ' irrig ditch in S side of road', 'NA', 'NA', 'USA', 'NA', 'NA', 'NA'),
('6061', ' Irwin Pd Blue Df west m ridge at edge of dried area', 'NA', 'NA', 'USA', 'NA', 'NA', 'NA'),
('6062', ' Jack\'s Cabin Cutoff', 'NA', 'NA', 'USA', 'NA', 'NA', 'NA'),
('6063', ' Junction USFS 788-790 Saquache Co. Colo. ', 'Colorado', 'Saquache', 'USA', 'NA', 'NA', 'NA'),
('6064', ' Kansas Douglas Co. Lawrence Vicinity ', 'Kansas', 'Douglas', 'USA', 'NA', 'NA', 'NA'),
('6065', ' Latin School Under Log Cambridge ', 'NA', 'NA', 'USA', 'NA', 'NA', 'NA'),
('6066', ' Little Galena Mt. Whiter River NF above Treeline', 'NA', 'NA', 'USA', 'NA', 'NA', 'NA'),
('6067', ' Lizard Lake Marble Gunnison Co Colo ', 'Colorado', 'Gunnison', 'USA', 'NA', 'NA', '8700'),
('6068', ' Los Pinos Pass 1mi N ', 'NA', 'NA', 'USA', 'NA', 'NA', 'NA'),
('6069', ' Magnolia Rd', 'Colorado', 'Boulder', 'USA', 'NA', 'NA', '7000'),
('6070', ' McClure Pass East', 'NA', 'NA', 'USA', 'NA', 'NA', 'NA'),
('6071', ' Meridian L. Crested Butte Colo ', 'Colorado', 'NA', 'USA', 'NA', 'NA', 'NA'),
('6072', ' Meridian Lake Gunnison Co Colo ', 'Colorado', 'Gunnison', 'USA', 'NA', 'NA', 'NA'),
('6073', ' Mesa Rd NFS Boundary Grand Mesa', 'NA', 'NA', 'USA', 'NA', 'NA', 'NA'),
('6074', ' Mex Cut White R NF Colo 1ST pond 1ST Level ', 'Colorado', 'NA', 'USA', 'NA', 'NA', 'NA'),
('6075', ' MI OFF PT. Sur on schr out of Berkley calif ', 'California', 'NA', 'USA', 'NA', 'NA', 'NA'),
('6076', ' Milt Sanburg ', 'NA', 'NA', 'USA', 'NA', 'NA', 'NA'),
('6077', ' Montrose BLM Bldg ', 'Colorado', 'Montrose', 'USA', 'NA', 'NA', 'NA'),
('6078', ' Moon Gulch ', 'Colorado', 'Gilpin', 'USA', 'NA', 'NA', '9300'),
('6079', ' Mounds Bl. Mesa', 'Colorado', 'Montrose', 'USA', 'NA', 'NA', 'NA'),
('6080', ' Mouth of Lost Canyon', 'NA', 'NA', 'USA', 'NA', 'NA', 'NA'),
('6081', ' Mt. Nash NH', 'New Hampshire', 'NA', 'USA', 'NA', 'NA', '4500'),
('6082', ' N. Rim Black Canyon Gunnison R. Nat. Mon. Upper Slope ', 'Colorado', 'Gunnison', 'USA', 'NA', 'NA', 'NA'),
('6083', ' NCAR Site Boulder', 'Colorado', 'Boulder', 'USA', 'NA', 'NA', 'NA'),
('6084', ' Near campground grass-service berry sage brush', 'NA', 'NA', 'USA', 'NA', 'NA', 'NA'),
('6085', ' New Haven, Conn. ', 'Connecticut', 'NA', 'USA', 'NA', 'NA', 'NA'),
('6086', ' Newton Centre Mass House ', 'Massachusetts', 'NA', 'USA', 'NA', 'NA', 'NA'),
('6087', ' Newton U Mass ', 'Massachusetts', 'NA', 'USA', 'NA', 'NA', 'NA'),
('6088', ' North Pole Basin White RNG Colorado', 'Colorado', 'NA', 'USA', 'NA', 'NA', '1200'),
('6089', ' Oconomowoc L. Dump, Wi', 'Wisconsin', 'NA', 'USA', 'NA', 'NA', 'NA'),
('6090', ' Paradise Gulch Slope of Mt. Baldy Gunnison Co. Colo. ', 'Colorado', 'Gunnison', 'USA', 'NA', 'NA', 'NA'),
('6091', ' Parlin', 'NA', 'NA', 'USA', 'NA', 'NA', 'NA'),
('6092', ' Parlin 1 mi S', 'NA', 'NA', 'USA', 'NA', 'NA', 'NA'),
('6093', ' Pasture 2mi. S. Bureau of Standards', 'Colorado', 'Boulder', 'USA', 'NA', 'NA', 'NA'),
('6094', ' Pepperell Mass Summer ', 'Massachusetts', 'NA', 'USA', 'NA', 'NA', 'NA'),
('6095', ' Porphyry Ridge Between Va. Basin + Judds Fall Gothic C', 'Colorado', 'NA', 'USA', 'NA', 'NA', 'NA'),
('6096', ' Porphyry Ridge Between Va. Basin Rd - Copper CK RD Got', 'Colorado', 'NA', 'USA', 'NA', 'NA', 'NA'),
('6097', ' Porphyry Ridge Judd\'s Fall Gothic Colo. ', 'Colorado', 'NA', 'USA', 'NA', 'NA', 'NA'),
('6098', ' Rainbow Lakes Rd ', 'Colorado', 'Boulder', 'USA', 'NA', 'NA', '9400-9600'),
('6099', ' Rawhide Gulch Rt. 50', 'NA', 'NA', 'USA', 'NA', 'NA', 'NA'),
('6100', ' Redwall Basin On Trail to Peeler at base of talus Gunn', 'Colorado', 'Gunnison', 'USA', 'NA', 'NA', 'NA'),
('6101', ' Ridge 2mi. S. Merge Iman Cow Crrp. ', 'Colorado', 'Saguache', 'USA', '106\'57\"W', '38\'18\"N', 'NA'),
('6102', ' Ridge Between Titra Carbomatent Gunnison Co. Colo.', 'Colorado', 'Gunnison', 'USA', '38\'54\"W', ' 106\'45\"N', '12500'),
('6103', ' Ripon Wisc. Fond Du Lac Co. 519 Lincoln ST', 'Wisconsin', 'Fond Du Lac', 'USA', 'NA', 'NA', 'NA'),
('6104', ' Rocky Mountain Biol. Lab Gunnison Co. Colo', 'Colorado', 'Gunnison', 'USA', 'NA', 'NA', 'NA'),
('6105', ' Rose\'s Cabin Near Source of Henson Ck. Just Before Ris', 'Colorado', 'Hinsdale', 'USA', 'NA', 'NA', 'NA'),
('6106', ' Rt. 285 just w of Salida Colo.', 'Colorado', 'NA', 'USA', 'NA', 'NA', 'NA'),
('6107', ' Rte 50 Waunita Hot Spr Rd', 'NA', 'NA', 'USA', 'NA', 'NA', 'NA'),
('6108', ' Saco Maine Dead Edge of Gravel Pit Pond evening ', 'NA', 'NA', 'USA', 'NA', 'NA', 'NA'),
('6109', ' Scarsdale NY', 'New York', 'NA', 'USA', 'NA', 'NA', 'NA'),
('6110', ' Scarsdale NY USA ', 'New York', 'NA', 'USA', 'NA', 'NA', 'NA'),
('6111', ' Slumqulla (?) Pass ', 'NA', 'NA', 'USA', 'NA', 'NA', 'NA'),
('6112', ' South Hampton Mass', 'Massachusetts', 'NA', 'USA', 'NA', 'NA', 'NA'),
('6113', ' Spring Creek Pass', 'Colorado', 'Hinsdale', 'USA', 'NA', 'NA', 'NA'),
('6114', ' Stagestop mdw.', 'Colorado', 'Gunnison', 'USA', 'NA', 'NA', 'NA'),
('6115', ' Sunset View Black Can. Nm. ', 'NA', 'NA', 'USA', 'NA', 'NA', 'NA'),
('6116', ' Table Mesa, NCAR Site Boulder', 'Colorado', 'Boulder', 'USA', 'NA', 'NA', 'NA'),
('6117', ' Two Rivers Wise at Baseball Field, 3 mi from #11', 'Wisconsin', 'NA', 'USA', 'NA', 'NA', 'NA'),
('6118', ' Van Buren S.P. Group Camp Parking Lot Michegan', 'Michegan', 'NA', 'USA', 'NA', 'NA', 'NA'),
('6119', ' Wallaby Ok Hume Rd VIC ', 'Victoria', 'NA', 'Australia', 'NA', 'NA', '1000'),
('6120', ' Washtenaw Co. Michegan ', 'Michegan', 'Wastenaw', 'USA', 'NA', 'NA', 'NA'),
('6121', ' Waterman Ranch, Big Meadows Soap Ck, West Elk Wilderne', 'NA', 'NA', 'USA', 'NA', 'NA', 'NA'),
('6122', ' Waunta Hot Springs', 'NA', 'NA', 'USA', 'NA', 'NA', 'NA'),
('6123', ' Wellesey Mass. Waban outlet Meadow ', 'Massachusetts', 'NA', 'USA', 'NA', 'NA', 'NA'),
('6124', ' Wellesley College Mass ', 'Massachusetts', 'NA', 'USA', 'NA', 'NA', 'NA'),
('6125', ' WH Farm Oak HJill Rd Middleton TWP Rd ', 'NA', 'NA', 'USA', 'NA', 'NA', 'NA'),
('6126', ' Wood Hole Mass ', 'Massachusetts', 'NA', 'USA', 'NA', 'NA', 'NA'),
('6127', '1 mi E. Cawford Colo. Dirt Road ', 'Colorado', 'NA', 'USA', 'NA', 'NA', 'NA'),
('6128', '1 mi NE Los Pinos Pass Saquache Co. Colo  ', 'Colorado', 'Saquache', 'USA', 'NA', 'NA', 'NA'),
('6129', '1 mi So St Johns Apache Co Ariz RT 61 ', 'Arizona', 'apache', 'USA', 'NA', 'NA', 'NA'),
('6130', '1 mi W Mt. Princeton Hot Spr Chattae Colo ', 'NA', 'NA', 'USA', 'NA', 'NA', 'NA'),
('6131', '1 mi W of Morrow Pt on Rt 92 ', 'NA', 'NA', 'USA', 'NA', 'NA', 'NA'),
('6132', '1 mi W. Mt. Princeton Hot Spr. Chattae (?) Co. Colo.', 'NA', 'NA', 'USA', 'NA', 'NA', 'NA'),
('6133', '1 mi. NW Lake Irwin', 'Colorado', 'Gunnison', 'USA', 'NA', 'NA', '10700'),
('6134', '1 mi. W Morrison Pt on 92', 'NA', 'NA', 'USA', 'NA', 'NA', 'NA'),
('6135', '1 mile S Gunnison Airport', 'NA', 'NA', 'USA', 'NA', 'NA', 'NA'),
('6136', '1/2 NE Judd Falls on Road, Gothic Colo', 'Colorado', 'NA', 'USA', 'NA', 'NA', 'NA'),
('6137', '1m. W. Los Pinos Pass Saquache Co. Colo. VIII-30-62(x3)', 'NA', 'NA', 'USA', 'NA', 'NA', 'NA'),
('6138', '2 mi E Cathedral Colo.  Sandman Mis', 'Colorado', 'NA', 'USA', 'NA', 'NA', 'NA'),
('6139', '2 mi E. Starmine Italian Ck. VOO-18-63 Gunnison Co. Col', 'NA', 'NA', 'USA', 'NA', 'NA', 'NA'),
('6140', '2 miles e of star; Bi[g] Meadows', 'NA', 'NA', 'USA', 'NA', 'NA', 'NA'),
('6141', '2.5 mi S. Pentwater L. B-15 8mi S Jt #31  Michegan', 'Michegan', 'NA', 'USA', 'NA', 'NA', 'NA'),
('6142', '2.5 MN Crested Butte Shotgun Pass ', 'Colorado', 'Gunnison', 'USA', 'NA', 'NA', 'NA'),
('6143', '2mi E Cathedral San Juan Mts. Colo. VIII-10-62', 'Colorado', 'NA', 'USA', 'NA', 'NA', 'NA'),
('6144', '3 mi S of Glenwood Spgs Garfield Co Colo ', 'Colorado', 'Garfield', 'USA', 'NA', 'NA', 'NA'),
('6145', '3mi S of Glenwood Spg Garfield Co Colo ', 'Colorado', 'Garfield', 'USA', 'NA', 'NA', 'NA'),
('6146', '4.3mi S. cmpgnd Burt Lake M. S. P. on South Straits #', 'Michegan', 'NA', 'USA', 'NA', 'NA', 'NA'),
('6147', '4mi S of Montrose Ranger Rd overhead ditch', 'NA', 'NA', 'USA', 'NA', 'NA', 'NA'),
('6148', '5mi E of St. Elmo Colo Chatee Co. Rocky Bed Chalk Ck. ', 'Colorado', 'Chattee', 'USA', 'NA', 'NA', 'NA'),
('6149', '7 mi E of Crawford Colo on Black Canyon Rd ', 'Colorado', 'NA', 'USA', 'NA', 'NA', 'NA'),
('6150', '7 Mi S Crawford Colo on Black Canyon Ridge ', 'Colorado', 'NA', 'USA', 'NA', 'NA', 'NA'),
('6151', '7 mi S. Junct. 114-50 Gunnison Co. Colo. Dry Gulch ', 'Colorado', 'Gunnison', 'USA', 'NA', 'NA', 'NA'),
('6152', '9mi S Fairplay Colo. High Wet Meadows', 'Colorado', 'NA', 'USA', 'NA', 'NA', 'NA'),
('6153', 'About spring pond at Kenosha, Pass about Deer Cr. Cpgd ', 'NA', 'NA', 'USA', 'NA', 'NA', '1000'),
('6154', 'Almont Dump Gunnison Co Colo ', 'Colorado', 'Gunnison', 'USA', 'NA', 'NA', 'NA'),
('6155', 'Almont-Hills Gunnison Co. Colo. ', 'Colorado', 'Gunnison', 'USA', 'NA', 'NA', 'NA'),
('6156', 'Alpine Plateau ', 'NA', 'NA', 'USA', 'NA', 'NA', 'NA'),
('6157', 'Andrew\'s Chapel Kings Mill Road Tusc. Co. Ala. ', 'Alabama', 'Tuscoloosa', 'USA', 'NA', 'NA', 'NA'),
('6158', 'Ar Fruita Entranceof Colo. N. Mon. ', 'Colorado', 'NA', 'USA', 'NA', 'NA', 'NA'),
('6159', 'Arlmont ', 'NA', 'NA', 'USA', 'NA', 'NA', 'NA'),
('6160', 'Bantam Lake Conn', 'Connecticut', 'NA', 'USA', 'NA', 'NA', 'NA'),
('6161', 'Barzlund\'s ', 'NA', 'NA', 'USA', 'NA', 'NA', 'NA'),
('6162', 'BCH, St. Park ', 'Illinois', 'Lake', 'USA', 'NA', 'NA', 'NA'),
('6163', 'Big Meadow Ca Saquache Co Colo', 'Colorado', 'Saquache', 'USA', '106\'55\" ', ' 38\'05\"', '10000'),
('6164', 'Black Canyon Gunnison Rd North Rim Park Entrance ', 'NA', 'NA', 'USA', 'NA', 'NA', 'NA'),
('6165', 'Black Canyon Headquarters N Rim', 'NA', 'NA', 'USA', 'NA', 'NA', 'NA'),
('6166', 'Black Canyon N. Rim Population ', 'NA', 'NA', 'USA', 'NA', 'NA', 'NA'),
('6167', 'Black Canyon Park Ent. North Rim', 'NA', 'NA', 'USA', 'NA', 'NA', 'NA'),
('6168', 'Black Canyon RD 2mi S Crawford', 'NA', 'NA', 'USA', 'NA', 'NA', 'NA'),
('6169', 'Black Canyon, Gunnison R North River Park Enterance', 'NA', 'NA', 'USA', 'NA', 'NA', 'NA'),
('6170', 'Black Mesa ', 'NA', 'NA', 'USA', 'NA', 'NA', 'NA'),
('6171', 'Black Mesa Burn Area Montrose-Gunnison Co', 'Colorado', 'Montrose', 'USA', 'NA', 'NA', 'NA'),
('6172', 'Black Mesa RD Montrose Co Colo', 'Colorado', 'Montrose', 'USA', 'NA', 'NA', 'NA'),
('6173', 'Blue Mesa ', 'NA', 'NA', 'USA', 'NA', 'NA', 'NA'),
('6174', 'Blue Mesa Dam S', 'NA', 'NA', 'USA', 'NA', 'NA', 'NA'),
('6175', 'Bonniville Mo. ', 'Missouri', 'NA', 'USA', 'NA', 'NA', 'NA'),
('6176', 'Boothbay', 'Michegan', 'NA', 'USA', 'NA', 'NA', 'NA'),
('6177', 'Boulder Co. Colo. 4.1mi. N Nederland HWY 60 ', 'Colorado', 'Boulder', 'USA', 'NA', 'NA', 'NA'),
('6178', 'Bouton + impera pd Bedford Mass ', 'Massachusetts', 'NA', 'USA', 'NA', 'NA', 'NA'),
('6179', 'Bovina Rt 70 ', 'Colorado', 'NA', 'USA', 'NA', 'NA', 'NA'),
('6180', 'Bovina Rt 78', 'NA', 'NA', 'USA', 'NA', 'NA', 'NA'),
('6181', 'Bridger Canyon Bozeman, Mon', 'Montana', 'NA', 'USA', 'NA', 'NA', 'NA'),
('6182', 'Buckhorn Gulch Tr. Black Mesa ', 'NA', 'NA', 'USA', 'NA', 'NA', 'NA'),
('6183', 'Buckhorn Gulch Trail ', 'NA', 'NA', 'USA', 'NA', 'NA', 'NA'),
('6184', 'Bulawayo S. Rhodesia  Nat. Museum S. Rhodesia', 'NA', 'NA', 'Rhodesia', 'NA', 'NA', 'NA'),
('6185', 'Burch Creek Rd + Rt 135', 'NA', 'NA', 'USA', 'NA', 'NA', 'NA'),
('6186', 'Burn Area, Back Mesa ', 'Colorado', 'NA', 'USA', 'NA', 'NA', 'NA'),
('6187', 'Burned Area, N.W. End of Black Mesa, Head of Myers Gulc', 'NA', 'NA', 'USA', 'NA', 'NA', 'NA'),
('6188', 'By Rhino Bio. Lab Cambr Mass ', 'Massachusetts', 'NA', 'USA', 'NA', 'NA', 'NA'),
('6189', 'C. Copper CK Rd Gothic Townsite Colo. ', 'Colorado', 'NA', 'USA', 'NA', 'NA', 'NA'),
('6190', 'Calsanta-Ellis,  Jack\'s Cabin', 'NA', 'NA', 'USA', 'NA', 'NA', 'NA'),
('6191', 'Cambride Mass Clay Pit', 'Massachusetts', 'NA', 'USA', 'NA', 'NA', 'NA'),
('6192', 'Cambridge Mass USA ', 'Massachusetts', 'NA', 'USA', 'NA', 'NA', 'NA'),
('6193', 'Cambridge, Mass, Harvard Bio Lab ', 'Massachusetts', 'NA', 'USA', 'NA', 'NA', 'NA'),
('6194', 'Camp Umatilla W.T.', 'NA', 'NA', 'USA', 'NA', 'NA', 'NA'),
('6195', 'Campground  Black Canyon S. Rim', 'NA', 'NA', 'USA', 'NA', 'NA', 'NA'),
('6196', 'campground [Pt] Canyon ', 'NA', 'NA', 'USA', 'NA', 'NA', 'NA'),
('6197', 'Campground Mesa Ck x 713. Black Mesa', 'NA', 'NA', 'USA', 'NA', 'NA', 'NA'),
('6198', 'Cantor Virguncula', 'NA', 'NA', 'USA', 'NA', 'NA', 'NA'),
('6199', 'Capitol City ', 'NA', 'NA', 'USA', 'NA', 'NA', 'NA'),
('6200', 'Capp R. +Rte 1 Conn', 'Connecticut', 'NA', 'USA', 'NA', 'NA', 'NA'),
('6201', 'Carro Sumit RT 50', 'Colorado', 'Montrose', 'USA', '107\'39\"W', '38\'27\"N', 'NA'),
('6202', 'Cascad Cpgd San Isabel NF 6mi E St Elmo Colo ', 'Colorado', 'NA', 'USA', 'NA', 'NA', 'NA'),
('6203', 'Castle Ck. Cow Camp', 'Colorado', 'Gunnison', 'USA', ' 107\'08\'\' W', '38\'46\'\'N', 'NA'),
('6204', 'Cathedral Grassland ', 'Colorado', 'Hinsdale', 'USA', 'NA', 'NA', 'NA'),
('6205', 'Cathedral Hinsdale Co, Colo.', 'NA', 'NA', 'USA', 'NA', 'NA', 'NA'),
('6206', 'Cebolla- N Side', 'NA', 'NA', 'USA', 'NA', 'NA', 'NA'),
('6207', 'Cement CK', 'NA', 'NA', 'USA', 'NA', 'NA', 'NA'),
('6208', 'Cement Ck - Italian Ck. Rd, 3 mi. W, Italian Ck.', 'Colorado', 'Gunnison', 'USA', '38\'55\"W', '106\"45\"N', 'NA'),
('6209', 'Cement Ck- Italian Ck Rd 3 mi W Italian Ck Gunnison Co ', 'Colorado', 'Gunnison', 'USA', '38\'55\"', '106\'45\" ', 'NA'),
('6210', 'Cement Ck. Ca. 3 MI S Head Italian Ck Gunnison Co. Colo', 'Colorado', 'Gunnison', 'USA', '106\'45\"', '38\'55\"', '11500'),
('6211', 'Cement Ck. Guard Stn. ', 'Colorado', 'Gunnison', 'USA', 'NA', 'NA', 'NA'),
('6212', 'Cement Ck. Rd. ', 'Colorado', 'Gunnison', 'USA', 'NA', 'NA', 'NA'),
('6213', 'Cement Creek', 'NA', 'NA', 'USA', 'NA', 'NA', 'NA'),
('6214', 'Cement Crk + Cement Crk Rd (SE) ', 'NA', 'NA', 'USA', 'NA', 'NA', 'NA'),
('6215', 'Cerro Summit Rt.50', 'Colorado', 'Montrose', 'USA', '107\'39\"W', '38\'27\"N', 'NA'),
('6216', 'chafield Park White R. NF Colo', 'Colorado', 'NA', 'USA', 'NA', 'NA', 'NA'),
('6217', 'Chalk Cliffs 1mi S Princeton Hot Sprgs Colo ', 'Colorado', 'NA', 'USA', 'NA', 'NA', 'NA'),
('6218', 'chalk cliffs san isabel NF Colo 1mi w of princeton hot ', 'Colorado', 'NA', 'USA', 'NA', 'NA', 'NA'),
('6219', 'Chart RT 183  ', 'NA', 'NA', 'USA', 'NA', 'NA', 'NA'),
('6220', 'Cheboygan Co Mich ', 'Michegan', 'Cheboygan', 'USA', 'NA', 'NA', 'NA'),
('6221', 'Chicago', 'NA', 'NA', 'USA', 'NA', 'NA', 'NA'),
('6222', 'Chicken Ranch Gulch, Nr. Boulder', 'Colorado', 'NA', 'USA', 'NA', 'NA', '6700'),
('6223', 'Chicken Ranch Gulch. Flagstafff Mtn', 'Colorado', 'Boulder', 'USA', 'NA', 'NA', '6700'),
('6224', 'Cimarron Schsal Section Dist. 6 ', 'Colorado', 'Montrose', 'USA', 'NA', 'NA', 'NA'),
('6225', 'Claremont ', 'NA', 'NA', 'USA', 'NA', 'NA', 'NA'),
('6226', 'Coal Ck Bank, CT Crossing of Rt 550 (US) ', 'NA', 'NA', 'USA', 'NA', 'NA', 'NA'),
('6227', 'Cochise Stgs. Chochise Co. Ariz ', 'Arizona', 'Chochise', 'USA', 'NA', 'NA', 'NA'),
('6228', 'Col 90', 'NA', 'NA', 'USA', 'NA', 'NA', 'NA'),
('6229', 'Colebrook Ct.', 'NA', 'NA', 'USA', 'NA', 'NA', 'NA'),
('6230', 'Colo 114-Banana Ranch Saquache Co. Colo. ', 'Colorado', 'Saquache', 'USA', '38\'14\"', '106\'45\"', 'NA'),
('6231', 'Colo 90 La Sal Cr. 3.3 mi E of Utah', 'Colorado', 'NA', 'USA', 'NA', 'NA', 'NA'),
('6232', 'Columbia MO', 'Missouri', 'NA', 'USA', 'NA', 'NA', 'NA'),
('6233', 'Cook Co Ill 7/15/56 B. Greenling;; ', 'Illinois', 'Cook', 'USA', 'NA', 'NA', 'NA'),
('6234', 'Copper CK 1/4 mi NE Judd Falls Gothic Colo', 'NA', 'NA', 'USA', 'NA', 'NA', 'NA'),
('6235', 'Copper Ck. 2mi of Gothic Gunnison CO. Colo', 'Colorado', 'Gunnison', 'USA', 'NA', 'NA', 'NA'),
('6236', 'copper Cr Near E. River Gothic Colorado  Colo', 'Colorado', 'NA', 'USA', 'NA', 'NA', 'NA'),
('6237', 'Corral Crk.', 'NA', 'NA', 'USA', 'NA', 'NA', 'NA'),
('6238', 'Cottonwood CK Dugout Ranch', 'NA', 'NA', 'USA', 'NA', 'NA', 'NA'),
('6239', 'Cottonwood Ck-HWY 92', 'Colorado', 'Gunnison', 'USA', '107\'23\"W', '38\'27\"N', 'NA'),
('6240', 'CPC Mt Canala New Caledonia  20 Trip', 'NA', 'NA', 'New Caledonia', 'NA', 'NA', '300'),
('6241', 'Creede W. Side of Cementary', 'Colorado', 'Mineral', 'USA', '106\'53\"N', '37\'51\"N', 'NA'),
('6242', 'Crested Butte Colo.', 'Colorado', 'NA', 'USA', 'NA', 'NA', 'NA'),
('6243', 'Crystal Canyon Gunnison Co Colo 10,100\' ', 'Colorado', 'Gunnison', 'USA', 'NA', 'NA', '10100'),
('6244', 'Crystal Creek ', 'NA', 'NA', 'USA', 'NA', 'NA', 'NA'),
('6245', 'Cult Creek Plateau ', 'Colorado', 'Hinsdale', 'USA', 'NA', 'NA', '12000'),
('6246', 'Cumberland Pass Pitikia Co. Colo. ', 'Colorado', 'Pitkia', 'USA', 'NA', 'NA', 'NA'),
('6247', 'Curecanti Ck Nr. Campground', 'NA', 'NA', 'USA', 'NA', 'NA', 'NA'),
('6248', 'Curecanti Ck.', 'NA', 'NA', 'USA', 'NA', 'NA', 'NA'),
('6249', 'Cut off Spring Oak Falls-Big Bend NP ', 'NA', 'NA', 'USA', 'NA', 'NA', 'NA'),
('6250', 'Cyrstal Canyon Gunnison Co Colo White R. NF ', 'Colorado', 'Gunnison', 'USA', 'NA', 'NA', 'NA'),
('6251', 'Daisy Spr. For. Camp, Mormon Lake ', 'Arizona', 'Colonino', 'USA', 'NA', 'NA', 'NA'),
('6252', 'Dark Canyon', 'NA', 'NA', 'USA', 'NA', 'NA', 'NA'),
('6253', 'Dead Horse Gulch ', 'NA', 'NA', 'USA', 'NA', 'NA', '7900'),
('6254', 'Dead Horse Gulch- head', 'NA', 'NA', 'USA', 'NA', 'NA', 'NA'),
('6255', 'Deer Ck Cpgd Pike NF Colo', 'Colorado', 'NA', 'USA', 'NA', 'NA', 'NA'),
('6256', 'Deer Cr. Cmpgd Pale NF ', 'Colorado', 'NA', 'USA', 'NA', 'NA', 'NA'),
('6257', 'df Canyon off La Sal Cr', 'NA', 'NA', 'USA', 'NA', 'NA', 'NA'),
('6258', 'Dillon Gulch', 'NA', 'NA', 'USA', 'NA', 'NA', 'NA'),
('6259', 'Disette Cabin, Gothic Colo.', 'Colorado', 'NA', 'USA', 'NA', 'NA', 'NA'),
('6260', 'Dominguez Canyon ', 'NA', 'NA', 'USA', 'NA', 'NA', 'NA'),
('6261', 'Donelley ', 'NA', 'NA', 'USA', 'NA', 'NA', 'NA'),
('6262', 'dorchester ', 'NA', 'NA', 'USA', 'NA', 'NA', 'NA'),
('6263', 'Douglas Co. Ks. ', 'Kansas', 'Douglas', 'USA', 'NA', 'NA', 'NA'),
('6264', 'Doyleville RD 2 mi S Rte 50 ', 'NA', 'NA', 'USA', 'NA', 'NA', 'NA'),
('6265', 'Doyleville Rd 2mi N Rte 114 Saquache Co. Colo.', 'Colorado', 'Saquache', 'USA', 'NA', 'NA', 'NA'),
('6266', 'Doyleville Rd. 2mi. N. RT. 114', 'Colorado', 'Saquache', 'USA', 'NA', 'NA', 'NA'),
('6267', 'Dry Gulch ', 'NA', 'NA', 'USA', 'NA', 'NA', 'NA'),
('6268', 'Dry Lake Park Hinsdale Co Colo ', 'Colorado', 'Hinsdale', 'USA', 'NA', 'NA', 'NA'),
('6269', 'Duckett Draw', 'NA', 'NA', 'USA', 'NA', 'NA', 'NA'),
('6270', 'Dugout Ranch', 'NA', 'NA', 'USA', 'NA', 'NA', 'NA'),
('6271', 'E Maroon Pass  Gunnison Piticin Co. Colo', 'Colorado', 'Pitcin', 'USA', 'NA', 'NA', '11700'),
('6272', 'E of East R. 1st Kettlehole S of RMBL Rocky Mt Bio Lab ', 'Colorado', 'Gunnison', 'USA', 'NA', 'NA', 'NA'),
('6273', 'E. of E. River Bauer Pond 7/18/62 in copula ', 'NA', 'NA', 'USA', 'NA', 'NA', 'NA'),
('6274', 'Ea River Flats 3mi NW Gothic Gunnison Co Colo.', 'Colorado', 'Gunnison', 'USA', 'NA', 'NA', 'NA'),
('6275', 'East Crystal + Crystal Creek Junction', 'NA', 'NA', 'USA', 'NA', 'NA', 'NA'),
('6276', 'East Fork of Red Creek 10mi N of US Rt. 50', 'Colorado', 'Gunnison', 'USA', '107\"13\"W', '38\'36\"N', 'NA'),
('6277', 'East Portal', 'NA', 'NA', 'USA', 'NA', 'NA', 'NA'),
('6278', 'Eckley', 'Colorado', 'NA', 'USA', 'NA', 'NA', 'NA'),
('6279', 'Elizabethtown NY USA Coll.', 'New York', 'NA', 'USA', 'NA', 'NA', 'NA'),
('6280', 'Elk Park White RNF VIII-21-60;', 'NA', 'NA', 'USA', 'NA', 'NA', 'NA'),
('6281', 'Elkhorn 20 June 65', 'NA', 'NA', 'USA', 'NA', 'NA', 'NA'),
('6282', 'End Mill Ck. Rd. ', 'NA', 'NA', 'USA', '107\'04\"W', '38\'42\"N', 'NA'),
('6283', 'Fairview Middleton TWP NK ', 'NA', 'NA', 'USA', 'NA', 'NA', 'NA'),
('6284', 'Falcon ', 'Colorado', 'NA', 'USA', 'NA', 'NA', 'NA'),
('6285', 'Fihiki Fiji Moinn.', 'NA', 'NA', 'Fiji', 'NA', 'NA', 'NA'),
('6286', 'First w of Denver ', 'Colorado', 'NA', 'USA', 'NA', 'NA', 'NA'),
('6287', 'Flat Top Butte. Nr. Temple Junction Utah', 'Utah', 'NA', 'USA', 'NA', 'NA', 'NA'),
('6288', 'Floresta Gunnison Co Colo ', 'Colorado', 'Gunnison', 'USA', 'NA', 'NA', 'NA'),
('6289', 'Fokes Quadrat Black Mesa ', 'NA', 'NA', 'USA', 'NA', 'NA', 'NA'),
('6290', 'Fondulac Co. ', 'Wisconsin', 'Fond Du Lac', 'USA', 'NA', 'NA', 'NA'),
('6291', 'Forest Hill Mass ', 'Massachusetts', 'NA', 'USA', 'NA', 'NA', 'NA'),
('6292', 'Fork Cement Ck. Rd. 8mi. E of Rt. 135', 'Colorado', 'Gunnison', 'USA', '104\'47\"W', '38\'53\"N', 'NA'),
('6293', 'Found in Hqtrs area oak service service berry- grass', 'NA', 'NA', 'USA', 'NA', 'NA', 'NA'),
('6294', 'Fresh Pd Cambridge Mass', 'Massachusetts', 'NA', 'USA', 'NA', 'NA', 'NA'),
('6295', 'Fresh pond Mass', 'Massachusetts', 'NA', 'USA', 'NA', 'NA', 'NA'),
('6296', 'Fruita', 'NA', 'NA', 'USA', 'NA', 'NA', 'NA'),
('6297', 'Garbage Dump Pond Crested Butted Colo', 'Colorado', 'NA', 'USA', 'NA', 'NA', 'NA'),
('6298', 'Gladstone 1mi SE ', 'NA', 'NA', 'USA', 'NA', 'NA', 'NA'),
('6299', 'Gothic ', 'Colorado', 'Gunnison', 'USA', 'NA', 'NA', 'NA'),
('6300', 'Gothic +Grand Junction 1963', 'NA', 'NA', 'USA', 'NA', 'NA', 'NA'),
('6301', 'Gothic Colo Gunnison Co ', 'Colorado', 'Gunnison', 'USA', 'NA', 'NA', 'NA'),
('6302', 'Gothic Schofield Road 1 Mi from Gothic Porphyry', 'Colorado', 'NA', 'USA', 'NA', 'NA', 'NA'),
('6303', 'Gothic Schofield Road 1mi from G-Porphyry Ridge ', 'NA', 'NA', 'USA', 'NA', 'NA', 'NA'),
('6304', 'Gothic Slump ', 'NA', 'NA', 'USA', 'NA', 'NA', 'NA'),
('6305', 'Grand Junction Scrub Juniper', 'NA', 'NA', 'USA', 'NA', 'NA', 'NA'),
('6306', 'Grand Mesa', 'NA', 'NA', 'USA', 'NA', 'NA', 'NA'),
('6307', 'Green Lake ', 'NA', 'NA', 'USA', 'NA', 'NA', 'NA'),
('6308', 'Gunnison ', 'NA', 'NA', 'USA', 'NA', 'NA', 'NA'),
('6309', 'Gunnison G Mt. and Dump ', 'Colorado', 'Gunnison', 'USA', '106\'56\'\'W ', '38\'34\'\'N', 'NA'),
('6310', 'Harvard U. Cambridge Mass ', 'Massachusetts', 'NA', 'USA', 'NA', 'NA', 'NA'),
('6311', 'Harvard Yard ', 'NA', 'NA', 'USA', 'NA', 'NA', 'NA'),
('6312', 'Head of Red Rock Canyon', 'NA', 'NA', 'USA', 'NA', 'NA', 'NA'),
('6313', 'Henson Creek', 'NA', 'NA', 'USA', 'NA', 'NA', 'NA'),
('6314', 'Highway 50 mi E Gunnison Gunnison Co Colo ', 'Colorado', 'Gunnison', 'USA', 'NA', 'NA', 'NA'),
('6315', 'Highway 83 30miles North of McCook', 'NA', 'NA', 'USA', 'NA', 'NA', 'NA'),
('6316', 'Hog Canyon Utah', 'Utah', 'NA', 'USA', 'NA', 'NA', 'NA'),
('6317', 'Holland, Wi ', 'Wisconsin', 'NA', 'USA', 'NA', 'NA', 'NA'),
('6318', 'Holman Ranch ', 'NA', 'NA', 'USA', 'NA', 'NA', 'NA'),
('6319', 'Honululu ', 'Hawaii ', 'NA', 'USA', 'NA', 'NA', 'NA'),
('6320', 'Horse Park Meadows', 'NA', 'NA', 'USA', 'NA', 'NA', 'NA'),
('6321', 'Hot Springs Exped 193 ', 'NA', 'NA', 'USA', 'NA', 'NA', 'NA'),
('6322', 'Hover Park Meadow', 'NA', 'NA', 'USA', 'NA', 'NA', 'NA'),
('6323', 'Hurricane  Creek Tuscalousa Co Ala  ', 'Alabama', 'Tuscoloosa', 'USA', 'NA', 'NA', 'NA'),
('6324', 'I Vulcan Road VII-9', 'NA', 'NA', 'USA', 'NA', 'NA', 'NA'),
('6325', 'In thorn acacia Progresso Yuc. ', 'NA', 'NA', 'USA', 'NA', 'NA', 'NA'),
('6326', 'Irwin ', 'NA', 'NA', 'USA', 'NA', 'NA', 'NA'),
('6327', 'Irwin Pd DF', 'NA', 'NA', 'USA', 'NA', 'NA', 'NA'),
('6328', 'I-Upper Area Fritzp. Mesa', 'NA', 'NA', 'USA', 'NA', 'NA', 'NA'),
('6329', 'Jack\'s Cabin cutoff ', 'NA', 'NA', 'USA', 'NA', 'NA', 'NA'),
('6330', 'Jackson Cabin Gothic Colo. Copper Lake Rd', 'Colorado', 'NA', 'USA', 'NA', 'NA', 'NA'),
('6331', 'Jct. Mesa Ck + Mesa Rd, Black Mesa,', 'NA', 'NA', 'USA', '107\"28\"W', '38\"31\"N', 'NA'),
('6332', 'Jct. Ohio Pass- Castle Ck. Rds. ', 'Colorado', 'Gunnison', 'USA', '107\'03\"W', '38\'47\"N', 'NA'),
('6333', 'Jctn Copperlake Road UA Basin RD Gothic Colo', 'Colorado', 'NA', 'USA', 'NA', 'NA', 'NA'),
('6334', 'Johnson Cabin Gothic Colo. Aspen Road Copper Lake ', 'Colorado', 'NA', 'USA', 'NA', 'NA', 'NA'),
('6335', 'Judd Falls Gothic Colo ', 'Colorado', 'NA', 'USA', 'NA', 'NA', 'NA'),
('6336', 'Junct. USFS 788X790 Saquache Co. Colo. ', 'Colorado', 'Saquache', 'USA', 'NA', 'NA', 'NA'),
('6337', 'Junction USFS 788-Old 114 Gunnison Co. Colo. ', 'Colorado', 'Gunnison', 'USA', 'NA', 'NA', 'NA'),
('6338', 'Kansas Douglas Co. Lawrence Vicinity ', 'Kansas', 'Douglas', 'USA', 'NA', 'NA', 'NA'),
('6339', 'Kebler Pass Gunnison NF Colo Small Pond Near L. Irwin ', 'Colorado', 'Gunnison', 'USA', 'NA', 'NA', 'NA'),
('6340', 'Kezar Rd.  2 mi. S of Kezar', 'NA', 'NA', 'USA', 'NA', 'NA', 'NA'),
('6341', 'Killdeer Ck, 5.5M E Los Pinos Pass', 'Colorado', 'Saquache', 'USA', 'NA', 'NA', 'NA'),
('6342', 'Kubler\'s Turn 2mi S. of Bladwin', 'Colorado', 'Gunnison', 'USA', '107\'08\"N', '38\'56\"N', 'NA'),
('6343', 'L. Irwin', 'Colorado', 'Gunnison', 'USA', 'NA', 'NA', 'NA'),
('6344', 'L.Irwin NW Gunnison Co. ', 'Colorado', 'Gunnison', 'USA', 'NA', 'NA', 'NA'),
('6345', 'La Sal Cr', 'NA', 'NA', 'USA', 'NA', 'NA', 'NA'),
('6346', 'Lake Fork ', 'NA', 'NA', 'USA', 'NA', 'NA', 'NA'),
('6347', 'Lake Irwin ponds Gunnison Co Colo ', 'Colorado', 'Gunnison', 'USA', 'NA', 'NA', 'NA'),
('6348', 'Land\'s End Road', 'NA', 'NA', 'USA', 'NA', 'NA', 'NA'),
('6349', 'Latin Hs Cambridge ', 'NA', 'NA', 'USA', 'NA', 'NA', 'NA'),
('6350', 'Lawrence Kansa', 'Kansas', 'NA', 'USA', 'NA', 'NA', 'NA'),
('6351', 'Leechmere Lake Floresta Gunnison Co Colo ', 'Colorado', 'Gunnison', 'USA', 'NA', 'NA', 'NA'),
('6352', 'Little Soap Creek', 'Colorado', 'Gunnison', 'USA', '107\'20\"W', '38\'55\"N', 'NA'),
('6353', 'Los Pinos Pass', 'NA', 'NA', 'USA', 'NA', 'NA', 'NA'),
('6354', 'Los Pinos Rd 3-4 miles above (N.) Cathedral', 'NA', 'NA', 'USA', 'NA', 'NA', 'NA'),
('6355', 'Los Pinos Rd. 1/2mile S of Pass, Gerry\'s Transect ', 'NA', 'NA', 'USA', 'NA', 'NA', 'NA'),
('6356', 'Lost Canyon nr. Sheep Gulch', 'NA', 'NA', 'USA', 'NA', 'NA', 'NA'),
('6357', 'Low Isabel NF- 4mi E St. Elmo-Chalk Cr', 'NA', 'NA', 'USA', 'NA', 'NA', 'NA'),
('6358', 'Lower E Fitzp. Mesa ', 'NA', 'NA', 'USA', 'NA', 'NA', 'NA'),
('6359', 'M. W. Los Pinos Pass Saquache Co. Colo. VIII-30-62; ', 'Colorado', 'Saquache', 'USA', 'NA', 'NA', 'NA'),
('6360', 'Manistique 10 mi N at Dodge Lake, accross Quarry,', 'Michegan', 'NA', 'USA', 'NA', 'NA', 'NA'),
('6361', 'Manitou', 'NA', 'NA', 'USA', 'NA', 'NA', 'NA'),
('6362', 'Margaret River SWA Nov 8 \'31 Harv. Aus. Exp. ', 'NA', 'NA', 'Australia', 'NA', 'NA', 'NA'),
('6363', 'Marroon Ck Pitkin Co 1 m. N. Wild Area Bound. Colo. ', 'Colorado', 'Pitkin', 'USA', 'NA', 'NA', 'NA'),
('6364', 'Mary Alice Ck ', 'NA', 'NA', 'USA', 'NA', 'NA', 'NA'),
('6365', 'Massachusetts ', 'Massachusetts', 'NA', 'USA', 'NA', 'NA', 'NA'),
('6366', 'mca outhouse gothic colo ', 'Colorado', 'NA', 'USA', 'NA', 'NA', 'NA'),
('6367', 'McClure Pass West ', 'NA', 'NA', 'USA', 'NA', 'NA', 'NA'),
('6368', 'McKenzie Butte', 'NA', 'NA', 'USA', 'NA', 'NA', 'NA'),
('6369', 'MCZ Cambridge ', 'NA', 'NA', 'USA', 'NA', 'NA', 'NA'),
('6370', 'Meridian L Rocky Mt Biol Lab ', 'NA', 'NA', 'USA', 'NA', 'NA', 'NA'),
('6371', 'Meridian Lk Gunnison Co Colo ', 'Colorado', 'Gunnison', 'USA', 'NA', 'NA', 'NA'),
('6372', 'Mesa Cr', 'NA', 'NA', 'USA', 'NA', 'NA', 'NA'),
('6373', 'Mesa Crk Rd + Myers Gulch Rd at reservoir', 'NA', 'NA', 'USA', 'NA', 'NA', 'NA'),
('6374', 'Mesa Rd NFS boundary', 'NA', 'NA', 'USA', 'NA', 'NA', 'NA'),
('6375', 'Mexican Cut Lowers Cabin White R. N.F.', 'Colorado', 'NA', 'USA', 'NA', 'NA', 'NA'),
('6376', 'Mexican Cut, Gunnison Co. Colo. Wh. R. NF', 'Colorado', 'Gunnison', 'USA', 'NA', 'NA', 'NA'),
('6377', 'Mi S of Glenwood Springs Colo Garfield CO', 'Colorado', 'Garfield', 'USA', 'NA', 'NA', '5900'),
('6378', 'Middle Brush Ck Broken Ridge ', 'NA', 'NA', 'USA', 'NA', 'NA', 'NA'),
('6379', 'Mid-Glade Pk Ent. Col. Nat. Mon. + campground ', 'NA', 'NA', 'USA', 'NA', 'NA', 'NA'),
('6380', 'MidTaylor Canyon ', 'NA', 'NA', 'USA', 'NA', 'NA', 'NA'),
('6381', 'Mine N. Prk Basin', 'NA', 'NA', 'USA', 'NA', 'NA', 'NA'),
('6382', 'Missouri Flats ', 'NA', 'NA', 'USA', 'NA', 'NA', 'NA'),
('6383', 'Molos Lake cmpgnd North End', 'NA', 'NA', 'USA', 'NA', 'NA', 'NA'),
('6384', 'Monument Road Grand Junction  Sedge Dump ', 'NA', 'NA', 'USA', 'NA', 'NA', 'NA'),
('6385', 'Monument Road Grand Junction Colo. Dry Hills', 'NA', 'NA', 'USA', 'NA', 'NA', 'NA'),
('6386', 'Moody Swamp Tusc. Co. Ala. X', 'Alabama', 'Tuscoloosa', 'USA', 'NA', 'NA', 'NA'),
('6387', 'Moon Gulch ', 'Colorado', 'Gilpin', 'USA', 'NA', 'NA', '9300'),
('6388', 'Moon Gulch 9300 Gillpin County Colo V-30-1949 G. Alexan', 'Colorado', 'Gilpin', 'USA', 'NA', 'NA', '9300'),
('6389', 'Mornion LK NEBR.', 'Nebraska', 'NA', 'USA', 'NA', 'NA', 'NA'),
('6390', 'Mosinee WI', 'Wisconsin', 'NA', 'USA', 'NA', 'NA', 'NA'),
('6391', 'Mounds ', 'NA', 'NA', 'USA', 'NA', 'NA', 'NA'),
('6392', 'Mounds, Black Mesa', 'Colorado', 'Montrose', 'USA', 'NA', 'NA', 'NA'),
('6393', 'Mouth of Upper Viriginia Basin Steep Grass Slope Level ', 'NA', 'NA', 'USA', 'NA', 'NA', 'NA'),
('6394', 'Mr Airport Gunnison Colo. Disturbed area edge river ', 'Colorado', 'NA', 'USA', 'NA', 'NA', 'NA'),
('6395', 'Muddy Springs Campground Pinyon Mesa', 'NA', 'NA', 'USA', 'NA', 'NA', 'NA'),
('6396', 'Myers Gulch Rd, Black Mesa at U.S. Weather Station', 'NA', 'NA', 'USA', '107\'27\"W', '38\'31\"N', 'NA'),
('6397', 'N . Rim, Black Canyon Nat. Mon 1mi E. of Mon. Bndry, on', 'Colorado', 'Montrose', 'USA', '107\'38W', '38\'33\"N', 'NA'),
('6398', 'N Italian Upper Rd ', 'NA', 'NA', 'USA', 'NA', 'NA', 'NA'),
('6399', 'N Rim Black Canyon Gunnison R. Nat. Mon. Grass Flat Dry', 'NA', 'NA', 'USA', 'NA', 'NA', 'NA'),
('6400', 'N Rim Black Canyon of Gunnison R. Nat. Mon. Grass flat ', 'NA', 'NA', 'USA', 'NA', 'NA', 'NA'),
('6401', 'N, Top east portal', 'NA', 'NA', 'USA', 'NA', 'NA', 'NA'),
('6402', 'N. Henson CK female yellow x ?', 'NA', 'NA', 'USA', 'NA', 'NA', 'NA'),
('6403', 'N. Rim Black Canyon Gunnison R. Nat. Mon. Flat Base of ', 'NA', 'NA', 'USA', 'NA', 'NA', 'NA'),
('6404', 'N. Rim Black Canyon Nat. Mon. 1mi. E. of Mon.bndry on R', 'Colorado', 'Montrose', 'USA', '107\'38W', '38\'33\"N', 'NA'),
('6405', 'N. Rim Black Canyon R. Nat. Mon. ', 'NA', 'NA', 'USA', 'NA', 'NA', 'NA'),
('6406', 'N. Rim Cpgd Black Canyon Gunnison R. Nat. Mon.', 'NA', 'NA', 'USA', 'NA', 'NA', 'NA'),
('6407', 'N. Rim, Black Canyon Nat. Mon. 1mi E of Mon. bndry, on ', 'Colorado', 'Montrose', 'USA', '107\'38\"W', '38\'33\"N', 'NA'),
('6408', 'N.Rim, Black Canyon Nat. Mon. 1mi E. of Mon. Bndry on R', 'Colorado', 'Montrose', 'USA', '107\'38\"W', '38\'33\"N', 'NA'),
('6409', 'n-47-74 South of Hartsel ?! Park Co. CO ', 'Colorado', 'Park', 'USA', 'NA', 'NA', 'NA'),
('6410', 'Nadala 240 Witilevu Fiji', 'NA', 'NA', 'Fiji', 'NA', 'NA', 'NA'),
('6411', 'Nadala Vitileva Fiji', 'NA', 'NA', 'Fiji', 'NA', 'NA', 'NA'),
('6412', 'Nashota (quarry) Wisc, IX-23-83 C', 'Wisconsin', 'NA', 'USA', 'NA', 'NA', 'NA'),
('6413', 'Nashota WI Quarry ', 'Wisconsin', 'NA', 'USA', 'NA', 'NA', 'NA'),
('6414', 'near campground', 'NA', 'NA', 'USA', 'NA', 'NA', 'NA'),
('6415', 'Near Coal Bank Hill 1.2mi Along Trail from turn off to ', 'NA', 'NA', 'USA', 'NA', 'NA', 'NA'),
('6416', 'Neastruma Las Hamacus Vera Cruz ', 'NA', 'NA', 'USA', 'NA', 'NA', 'NA'),
('6417', 'Nederland, Colo. 12.9mi. South ', 'Colorado', 'NA', 'USA', 'NA', 'NA', 'NA'),
('6418', 'Nevada City', 'California', 'NA', 'USA', 'NA', 'NA', 'NA'),
('6419', 'New Haven Conn ', 'Connecticut', 'NA', 'USA', 'NA', 'NA', 'NA'),
('6420', 'New York NY', 'New york', 'NA', 'USA', 'NA', 'NA', 'NA'),
('6421', 'Nicholson LK Pittsburgh Gulch Gunnison Co. Colo ', 'Colorado', 'Gunnison', 'USA', 'NA', 'NA', 'NA'),
('6422', 'No Locality Information', 'NA', 'NA', 'USA', 'NA', 'NA', 'NA'),
('6423', 'North Pale Basin Pitkin Co. Colo. 24 Aug 60 R. Willey; ', 'Colorado', 'Pitkin', 'USA', 'NA', 'NA', 'NA'),
('6424', 'North Pale Basin Wh. R. Nat. For', 'Colorado', '', 'USA', 'NA', 'NA', 'NA'),
('6425', 'North Pale Basin White R. Nat Forest Colo', 'NA', 'NA', 'USA', 'NA', 'NA', '12000'),
('6426', 'North Pale Basin White R. Nat Forest Colo. ', 'Colorado', 'NA', 'USA', 'NA', 'NA', '12000'),
('6427', 'North Park, Myers Gulch ', 'NA', 'NA', 'USA', 'NA', 'NA', 'NA'),
('6428', 'North Pole Basin in SE Ridge Gunnison Go. Colo. ', 'Colorado', 'Gunnison', 'USA', 'NA', 'NA', 'NA'),
('6429', 'North Pole Basin White RNF', 'NA', 'NA', 'USA', 'NA', 'NA', 'NA'),
('6430', 'North Rim', 'NA', 'NA', 'USA', 'NA', 'NA', 'NA'),
('6431', 'North Rim of Black Canyon of Gunn. Narrows overlook', 'NA', 'NA', 'USA', 'NA', 'NA', 'NA'),
('6432', 'Norton ', 'Kansas', 'NA', 'USA', 'NA', 'NA', 'NA'),
('6433', 'Nr Lazy V Ranch Boulder County Colo ', 'Colorado', 'Boulder', 'USA', 'NA', 'NA', '8300-8600'),
('6434', 'NR. Airport Gunnison Co. Colo. ', 'Colorado', 'Gunnison', 'USA', 'NA', 'NA', 'NA'),
('6435', 'Nr. Airpot Gunnison Colo. Distrubed area edge of river ', 'Colorado', 'Gunnison', 'USA', 'NA', 'NA', 'NA'),
('6436', 'Nr. Fruita Entrance Colo. Nat Mon. ', 'Colorado', 'Mesa', 'USA', 'NA', 'NA', 'NA'),
('6437', 'Nr. Lazy VV Ranch ', 'Colorado', 'Boulder', 'USA', 'NA', 'NA', '8300-8600'),
('6438', 'Nr. Lazy VV Rancher ', 'Colorado', 'Boulder', 'USA', 'NA', 'NA', '9300-9600'),
('6439', 'Oconomowoc L. Dump Wisc.', 'Wisconsin', 'NA', 'USA', 'NA', 'NA', 'NA'),
('6440', 'Ohio City', 'NA', 'NA', 'USA', 'NA', 'NA', 'NA'),
('6441', 'Old Mesa Rd 1 mi W of Mesa Crk Head of Long Gulch', 'NA', 'NA', 'USA', 'NA', 'NA', 'NA'),
('6442', 'On Larkspur Rustlers Gulch', 'NA', 'NA', 'USA', 'NA', 'NA', 'NA'),
('6443', 'Palisade, Michigan', 'Michegan', 'NA', 'USA', 'NA', 'NA', 'NA'),
('6444', 'Palos', 'NA', 'NA', 'USA', 'NA', 'NA', 'NA'),
('6445', 'palos park', 'NA', 'NA', 'USA', 'NA', 'NA', 'NA'),
('6446', 'Paradise Basin, Gunnison Co, Colo.', 'Colorado', 'Gunnison', 'USA', 'NA', 'NA', '12000'),
('6447', 'Paradise Gulch Gunnison Co. Colo.  ', 'Colorado', 'Gunnison', 'USA', 'NA', 'NA', 'NA'),
('6448', 'Paradise Gulch Slope of Mt. Baldy Gunnison Co. Colo. ', 'Colorado', 'Gunnison', 'USA', 'NA', 'NA', 'NA'),
('6449', 'Parlin  Dump', 'NA', 'NA', 'USA', 'NA', 'NA', 'NA'),
('6450', 'Parlin - N', 'NA', 'NA', 'USA', 'NA', 'NA', 'NA'),
('6451', 'Peeler Basin Gunnison Co. Colo. Spuce Fir Glade ', 'Colorado', 'Gunnison', 'USA', 'NA', 'NA', 'NA'),
('6452', 'Pepperel Mass Flying in sun pasture ', 'Massachusetts', 'NA', 'USA', 'NA', 'NA', 'NA'),
('6453', 'Pepperell Mass. On edge of Pond in Sun', 'Massachusetts', 'NA', 'USA', 'NA', 'NA', 'NA'),
('6454', 'Peshtigo Wisc, 8 mi S on Rte 41 at old sand quarry', 'Wisconsin', 'NA', 'USA', 'NA', 'NA', 'NA'),
('6455', 'Petersham', 'Massachusetts', 'NA', 'USA', 'NA', 'NA', 'NA'),
('6456', 'Pinaleno Mts. Arix Post Canyon Alt. 5000-6000', 'NA', 'NA', 'USA', 'NA', 'NA', '5000-6000'),
('6457', 'Pine Creek Mesa ', 'NA', 'NA', 'USA', 'NA', 'NA', 'NA'),
('6458', 'Pine Ridge', 'NA', 'NA', 'USA', 'NA', 'NA', 'NA'),
('6459', 'Pinen Sag Draw ', 'NA', 'NA', 'USA', 'NA', 'NA', 'NA'),
('6460', 'Pinon spgs draw ', 'NA', 'NA', 'USA', 'NA', 'NA', 'NA'),
('6461', 'Pioneer Lookout', 'NA', 'NA', 'USA', 'NA', 'NA', 'NA'),
('6462', 'Pittsburgh Gunnison Co. Colo.', 'Colorado', 'NA', 'USA', 'NA', 'NA', 'NA'),
('6463', 'Porphyry Ridge above Judd Falls Gothic Colo. ', 'Colorado', 'NA', 'USA', 'NA', 'NA', 'NA'),
('6464', 'Porphyry Ridge at Viriginia Basin Road Gothic Colo. ', 'Colorado', 'NA', 'USA', 'NA', 'NA', 'NA'),
('6465', 'Porphyry Ridge Judds Falls Gothic Colo. ', 'Colorado', 'NA', 'USA', 'NA', 'NA', 'NA'),
('6466', 'porphyry Ridge-Avery Gothic Gunnison Co. Colo; ', 'Colorado', 'Gunnison', 'USA', 'NA', 'NA', 'NA'),
('6467', 'Porphyry Slope Gothic Colo.', 'Colorado', 'NA', 'USA', 'NA', 'NA', 'NA'),
('6468', 'Porphyryr Ridge Between VA Basin RD-Copper CK Rd Gothic', 'Colorado', 'NA', 'USA', 'NA', 'NA', 'NA'),
('6469', 'Portal', 'Arizona', 'NA', 'USA', 'NA', 'NA', 'NA'),
('6470', 'Preser Rock ', 'NA', 'NA', 'USA', 'NA', 'NA', 'NA'),
('6471', 'Prof Val. UTAH', 'Utah', 'NA', 'USA', 'NA', 'NA', 'NA'),
('6472', 'PT Beach SF WI, blowout on County Rd O + W. of City O 1', 'Wisconsin', 'NA', 'USA', 'NA', 'NA', 'NA'),
('6473', 'Pt Beack St. Pk, Wisc ', 'Wisconsin', 'NA', 'USA', 'NA', 'NA', 'NA'),
('6474', 'Puler Basin Gunnison Co. Colo.', 'Colorado', 'Gunnison', 'USA', 'NA', 'NA', 'NA'),
('6475', 'Quarry- Palos Park ', 'NA', 'NA', 'USA', 'NA', 'NA', 'NA'),
('6476', 'Rainbow Lake Road Boulder County Colo', 'Colorado', 'Boulder', 'USA', 'NA', 'NA', '9400-9600'),
('6477', 'Rainbow Tr 2mi W Alvarado Co. 5 EVP Aspen ', 'NA', 'Alvarado', 'USA', 'NA', 'NA', 'NA'),
('6478', 'Ranger Stn N Rim Black Canyon ', 'NA', 'NA', 'USA', 'NA', 'NA', 'NA'),
('6479', 'Rap 1913 Mehley VII Hungary ', 'NA', 'NA', 'Hungary', 'NA', 'NA', 'NA'),
('6480', 'Rd 114x Old chochetopa Rd Saquache Co Colo ', 'Colorado', 'Saquache', 'USA', 'NA', 'NA', 'NA'),
('6481', 'Red Canyon- El. 7200\' Ridge at Entrance from SW', 'NA', 'NA', 'USA', 'NA', 'NA', '7200'),
('6482', 'Red Ck. 1.5mi.N U.S. Rt. 50 ', 'Colorado', 'Gunnison', 'USA', '107\'13\'\'W', '38\'30\'\'N', 'NA'),
('6483', 'Red Head Rock Canyon', 'NA', 'NA', 'USA', 'NA', 'NA', 'NA'),
('6484', 'Red Rot Log Oak Hill Rd Middletown Trap ', 'NA', 'NA', 'USA', 'NA', 'NA', 'NA'),
('6485', 'Red Sch H. Palos ', 'NA', 'NA', 'USA', 'NA', 'NA', 'NA'),
('6486', 'Redwall Basin Gunnison Co Colo', 'Colorado', 'Gunnison', 'USA', 'NA', 'NA', 'NA'),
('6487', 'Redwall Basin, Rocky Hill', 'Colorado', 'Gunnison', 'USA', 'NA', 'NA', 'NA'),
('6488', 'Redwell Basin Gunnison Co Colo Rocky Hill ', 'Colorado', 'Gunnison', 'USA', 'NA', 'NA', 'NA'),
('6489', 'Redwell Basin Gunnison Co Colo. West Ridge Base', 'Colorado', 'Gunnison', 'USA', 'NA', 'NA', 'NA'),
('6490', 'Reno Nev', 'Nevada', 'NA', 'USA', 'NA', 'NA', 'NA'),
('6491', 'Rickett Wis. ', 'Wisconsin', 'NA', 'USA', 'NA', 'NA', 'NA'),
('6492', 'Ride, Jack\'s Cabin Cut-Off', 'Colorado', 'Gunnison', 'USA', 'NA', 'NA', 'NA'),
('6493', 'Ridge 2mi S Merge 1 man Cow Crrp', 'Colorado', 'Saquache', 'USA', '106\'57\"w', '38\'18\"N', 'NA'),
('6494', 'Ridge Jack\'s Cabin Cutoff Gunnison Co. Colo.', 'Colorado', 'Gunnison', 'USA', 'NA', 'NA', 'NA'),
('6495', 'Ripon ', 'Wisconsin', 'NA', 'USA', 'NA', 'NA', 'NA'),
('6496', 'Ripon Wis ', 'Wisconsin', 'NA', 'USA', 'NA', 'NA', 'NA'),
('6497', 'River Falls ', 'NA', 'NA', 'USA', 'NA', 'NA', 'NA'),
('6498', 'River Falls Pierce Co. Acrassa 89-1-16C', 'NA', 'Pierce', 'USA', 'NA', 'NA', 'NA'),
('6499', 'Road to Yule Pass Treasury Mt Gunnison Co. Colo. ', 'NA', 'NA', 'USA', 'NA', 'NA', 'NA'),
('6500', 'Robinson Basin Irwin Gunnison Co. Colo.', 'Colorado', 'Gunnison', 'USA', 'NA', 'NA', 'NA'),
('6501', 'Rock Ford', 'NA', 'NA', 'USA', 'NA', 'NA', 'NA'),
('6502', 'Rockford Ill', 'NA', 'NA', 'USA', 'NA', 'NA', 'NA'),
('6503', 'Rocku Mt Bio Lab Gunnison Co Colo  East at East Rd 1st ', 'Colorado', 'Gunnison', 'USA', 'NA', 'NA', 'NA'),
('6504', 'Rocky Mt Biol Lab Gunnison Co Colo ', 'Colorado', 'Gunnison', 'USA', 'NA', 'NA', 'NA'),
('6505', 'Rocky Mt Biol Lab Gunnison Co Colo Leechmere H', 'Colorado', 'Gunnison', 'USA', 'NA', 'NA', 'NA'),
('6506', 'Rocky Mt Biol Lab Gunnison Co Colo Porphyry Ridge', 'Colorado', 'Gunnison', 'USA', 'NA', 'NA', 'NA'),
('6507', 'Rocky Mt Biol Lab Gunnison Co Colo W Shore Meridan ', 'Colorado', 'Gunnison', 'USA', 'NA', 'NA', 'NA'),
('6508', 'Rocky Mt. Biol. Lab Gunnison Co. Colo. Avery Flats Porp', 'Colorado', 'Gunnison', 'USA', 'NA', 'NA', 'NA'),
('6509', 'Rose\'s Cabin ', 'NA', 'NA', 'USA', 'NA', 'NA', 'NA'),
('6510', 'Rotten Pine Log, Concord', 'NA', 'NA', 'USA', 'NA', 'NA', 'NA'),
('6511', 'Round Mtn ', 'NA', 'NA', 'USA', 'NA', 'NA', 'NA'),
('6512', 'Royal Palm State Park  Dade Co Fla Palma Vista Hammock', 'Florida', 'Dade', 'USA', 'NA', 'NA', 'NA'),
('6513', 'RT 285 1/4 mi W of Kenosha Pass 1 mi N of Jefferson Col', 'Colorado', 'NA', 'USA', 'NA', 'NA', 'NA'),
('6514', 'RT 92 ', 'NA', 'NA', 'USA', 'NA', 'NA', 'NA'),
('6515', 'Rt 92 + Flatiron trail', 'NA', 'NA', 'USA', 'NA', 'NA', 'NA'),
('6516', 'Rt. 285 1/4 mi W of Kenosha Pass 1mi N of Jefferson Col', 'Colorado', 'NA', 'USA', 'NA', 'NA', 'NA'),
('6517', 'Rt24 2 mi East of border with Kansas ', 'Colorado', 'NA', 'USA', 'NA', 'NA', 'NA'),
('6518', 'Rt24 2 mi east of Colo Border with Kansas ', 'Colorado', 'NA', 'USA', 'NA', 'NA', 'NA'),
('6519', 'Rte 114 17mi S Rt 50 Gunnison Co Colo Cochetopa Ck Cany', 'Colorado', 'Gunnison', 'USA', 'NA', 'NA', 'NA'),
('6520', 'Rustler\'s Gulch Gothic Colo Aspen ', 'Colorado', 'NA', 'USA', 'NA', 'NA', 'NA'),
('6521', 'RVA Falls F.3-90-2', 'NA', 'NA', 'USA', 'NA', 'NA', 'NA'),
('6522', 'S. Peeler Basin Gunnison Co. Colo.', 'Colorado', 'Gunnison', 'USA', 'NA', 'NA', 'NA'),
('6523', 'S. Peeler Basin Gunnison Co. Colo. ', 'Colorado', 'Gunnison', 'USA', 'NA', 'NA', 'NA'),
('6524', 'S. Slope Crystal Pk. North Pole Basin Pitkin Co. Colo.', 'Colorado', 'Pitkin', 'USA', 'NA', 'NA', 'NA'),
('6525', 'Saddle W of Table Mesa ', 'NA', 'NA', 'USA', 'NA', 'NA', 'NA'),
('6526', 'Sam Little', 'NA', 'NA', 'USA', 'NA', 'NA', 'NA'),
('6527', 'San Rafael River ', 'Utah', 'NA', 'USA', 'NA', 'NA', 'NA'),
('6528', 'Sandhills ', 'NA', 'NA', 'USA', 'NA', 'NA', 'NA'),
('6529', 'Santa Lucia, Uruguay', 'NA', 'NA', 'Uruguay', 'NA', 'NA', 'NA'),
('6530', 'Sburn area Black Mesa, Montrose-Gunnison Co. CO. ', 'Colorado', 'Gunnison', 'USA', 'NA', 'NA', 'NA'),
('6531', 'Serpent Pt- Green Pk ', 'NA', 'NA', 'USA', 'NA', 'NA', 'NA'),
('6532', 'Sharon VT 114 USA ', 'Vermont', 'NA', 'USA', 'NA', 'NA', 'NA'),
('6533', 'Sharon VT USA', 'Vermont', 'NA', 'USA', 'NA', 'NA', 'NA'),
('6534', 'Sheboygan Co. Wisc. ', 'Wisconsin', 'Sheboygan', 'USA', 'NA', 'NA', 'NA'),
('6535', 'small stream just s of S natick Mch', 'Michegan', 'NA', 'USA', 'NA', 'NA', 'NA'),
('6536', 'Soap Cr Campground ', 'NA', 'NA', 'USA', 'NA', 'NA', 'NA'),
('6537', 'Somerset 0.1mi E slope above 125 Stell Tr. Tracks', 'Colorado', 'Delta', 'USA', 'NA', 'NA', '7000'),
('6538', 'South County RF ', 'NA', 'NA', 'USA', 'NA', 'NA', 'NA'),
('6539', 'South Mineral Cmpgnd Near Silverton along River Bank', 'NA', 'NA', 'USA', 'NA', 'NA', 'NA'),
('6540', 'South Rim Black Canyon Campground', 'NA', 'NA', 'USA', 'NA', 'NA', 'NA'),
('6541', 'South Rim Campground ', 'NA', 'NA', 'USA', 'NA', 'NA', 'NA'),
('6542', 'Spring CK Pass Rio Grande NF ', 'NA', 'NA', 'USA', 'NA', 'NA', 'NA'),
('6543', 'Spring Cr. Gulch  Black Canyon', 'NA', 'NA', 'USA', 'NA', 'NA', 'NA'),
('6544', 'Spring Creek', 'NA', 'NA', 'USA', 'NA', 'NA', 'NA'),
('6545', 'Spring Creek Gluch Peak ', 'NA', 'NA', 'USA', 'NA', 'NA', 'NA'),
('6546', 'Spring Creek Pass', 'Colorado', 'Hinsdale', 'USA', '107\'10\"W', '37\'56\"N', 'NA'),
('6547', 'Sreuben Creek 2 mi N of RT50', 'NA', 'NA', 'USA', 'NA', 'NA', 'NA'),
('6548', 'Stage Stop Mdw', 'Colorado', 'Gunnison', 'USA', 'NA', 'NA', 'NA'),
('6549', 'Stage Stop Meadow 6mi. E. Taylor Park Ranger Stn. ', 'Colorado', 'Gunnison', 'USA', '106\'30W', '38\"52\"N', 'NA'),
('6550', 'Steelberger Ranch ', 'NA', 'NA', 'USA', 'NA', 'NA', 'NA'),
('6551', 'Stuebon Creek N of RT 50', 'NA', 'NA', 'USA', 'NA', 'NA', 'NA'),
('6552', 'Summit Little Galena Mt White RNG ', 'NA', 'NA', 'USA', 'NA', 'NA', 'NA'),
('6553', 'Sunset Pt. Black Canyon High Pt', 'NA', 'NA', 'USA', 'NA', 'NA', 'NA'),
('6554', 'Sunset View', 'NA', 'NA', 'USA', 'NA', 'NA', 'NA'),
('6555', 'Sunset View Black Canyon NM ', 'NA', 'NA', 'USA', 'NA', 'NA', 'NA'),
('6556', 'Sunset View- High Pt Black Canyon ', 'NA', 'NA', 'USA', 'NA', 'NA', 'NA'),
('6557', 'Sunshine Canyon Rd Boulder County Colo 7600 ', 'Colorado', 'Boulder', 'USA', 'NA', 'NA', '7600'),
('6558', 'Sunshine Canyon Rd. ', 'Colorado', 'Boulder', 'USA', 'NA', 'NA', '6600'),
('6559', 'Supinero ', 'NA', 'NA', 'USA', 'NA', 'NA', 'NA'),
('6560', 'Surgeon R UP', 'Michegan', 'NA', 'USA', 'NA', 'NA', 'NA'),
('6561', 'Table Mesa ', 'Colorado', 'Boulder', 'USA', 'NA', 'NA', 'NA'),
('6562', 'Table Mesa Water Tower Area ', 'Colorado', 'Boulder', 'USA', 'NA', 'NA', 'NA'),
('6563', 'Table Mesa Water Tower Area Boulder', 'Colorado', 'Boulder', 'USA', 'NA', 'NA', 'NA'),
('6564', 'Table Mesa, NCAR Site Boulder', 'Colorado', 'Boulder', 'USA', 'NA', 'NA', 'NA'),
('6565', 'Table Mesa, Water Tower Area Boulder', 'Colorado', 'Boulder', 'USA', 'NA', 'NA', 'NA'),
('6566', 'Tamborine Mt. Old. Iv-51 AT LIGHT m.S/ Upton ', 'NA', 'NA', 'USA', 'NA', 'NA', 'NA'),
('6567', 'Taylor Park Ranger Stn', 'Colorado', 'Gunnison', 'USA', 'NA', 'NA', 'NA'),
('6568', 'Taylor Park Ranger Stn', 'Colorado', 'Gunnison', 'USA', '38\'49\"W', '106\'32\"N', 'NA'),
('6569', 'top ridge, Jack\'s Cabin Cut Off', 'Colorado', 'Gunnison', 'USA', '106\'50\"W', '38\'43\"N', 'NA'),
('6570', 'TP Range', 'NA', 'NA', 'USA', 'NA', 'NA', 'NA'),
('6571', 'Trout Lake', 'Michegan', 'NA', 'USA', 'NA', 'NA', 'NA'),
('6572', 'Trudy +Eric\'s Place', 'NA', 'NA', 'USA', 'NA', 'NA', 'NA'),
('6573', 'True Blue Mesa Summit', 'NA', 'NA', 'USA', 'NA', 'NA', 'NA'),
('6574', 'Unclear Locality', 'NA', 'NA', 'USA', 'NA', 'NA', 'NA'),
('6575', 'upper lost Canyon', 'NA', 'NA', 'USA', 'NA', 'NA', 'NA'),
('6576', 'upper meadow Lower Balwick Pk', 'NA', 'NA', 'USA', 'NA', 'NA', 'NA'),
('6577', 'USFS 790x788 Saquache Co. Colo. ', 'Colorado', 'Saquache', 'USA', 'NA', 'NA', 'NA'),
('6578', 'Va. Basin Road Lower Section Gothic Co. Colo. ', 'Colorado', 'Gothic', 'USA', 'NA', 'NA', 'NA'),
('6579', 'VII rt 92 detour 1/2mi E soap CK road', 'NA', 'NA', 'USA', 'NA', 'NA', 'NA'),
('6580', 'Virginia Basin Gunnison Co. Colo.', 'Colorado', 'Gunnison', 'USA', 'NA', 'NA', 'NA'),
('6581', 'Vulcan', 'NA', 'NA', 'USA', 'NA', 'NA', 'NA'),
('6582', 'Vulcan RD 7mi S US 50', 'Colorado', 'Gunnison', 'USA', '107\'03\"W', '38\'23\"N', 'NA'),
('6583', 'W Limm, CO', 'Colorado', 'NA', 'USA', 'NA', 'NA', 'NA'),
('6584', 'W Limon ', 'Colorado', 'NA', 'USA', 'NA', 'NA', 'NA'),
('6585', 'w of Colona W Griffith\'s Place ', 'NA', 'NA', 'USA', 'NA', 'NA', 'NA');
INSERT INTO `locality` (`Locality_ID`, `Locality`, `State`, `County`, `Country`, `Latitude`, `Longitude`, `Altitude`) VALUES
('6586', 'W slopes of Crested Butte', 'NA', 'NA', 'USA', 'NA', 'NA', 'NA'),
('6587', 'W. Red Rk Canyon ', 'NA', 'NA', 'USA', 'NA', 'NA', 'NA'),
('6588', 'Walk -51 Francis Ave Cambridge ', 'NA', 'NA', 'USA', 'NA', 'NA', 'NA'),
('6589', 'Walks MCX Cambridge ', 'NA', 'NA', 'USA', 'NA', 'NA', 'NA'),
('6590', 'Wallaby Ck. Hume Rd, Vic.1000\'', 'Victoria', 'NA', 'Australia', 'NA', 'NA', '1000'),
('6591', 'Was Colona 1mi W Griffith\'s Place ', 'Colorado', 'Montrose', 'USA', 'NA', 'NA', 'NA'),
('6592', 'Wash House Gothic Colo.', 'Colorado', 'NA', 'USA', 'NA', 'NA', 'NA'),
('6593', 'Waunita Hot Springs ', 'NA', 'NA', 'USA', 'NA', 'NA', 'NA'),
('6594', 'Wellesey Mass. Wauban Otter Meadow', 'Massachusetts', 'NA', 'USA', 'NA', 'NA', 'NA'),
('6595', 'Wellesley College Mass', 'Massachusetts', 'NA', 'USA', 'NA', 'NA', 'NA'),
('6596', 'Werner\'s Point ', 'NA', 'NA', 'USA', 'NA', 'NA', 'NA'),
('6597', 'Wessesley', 'NA', 'NA', 'USA', 'NA', 'NA', 'NA'),
('6598', 'West of Denver Colo 4mi of Jct Rts 121+285 ', 'Colorado', 'NA', 'USA', 'NA', 'NA', 'NA'),
('6599', 'Willey Cabin Gothic Colo ', 'Colorado', 'NA', 'USA', 'NA', 'NA', 'NA'),
('6600', 'Willey Cabin Gothic, Colo.  ', 'Colorado', 'NA', 'USA', 'NA', 'NA', 'NA'),
('6601', 'Willow Ck (USFS 801) 4mi + Quartz Ck. Gunnison Co. Colo', 'Colorado', 'Gunnison', 'USA', '106\'36\"', '38\'36\"  ', 'NA'),
('6602', 'Willow Ck 5-6mi F. Quartz CK. Gunnison Co. Colo. 10-110', 'Colorado', 'Gunnison', 'USA', ' 106\'38\"', '38\'35\"', '11000'),
('6603', 'Willow CK 5-6mi Qyuabta Ck Gunnison Co Colo 10-11000 Ha', 'Colorado', 'Gunnison', 'USA', '106\'38\"', ' 38\'36\"', 'NA'),
('6604', 'Willow Cr. (USFS 801) 4mi. Quartz Ck. Gunnison Co. 106\'', 'Colorado', 'Gunnison', 'USA', 'NA', 'NA', 'NA'),
('6605', 'Winn. Co. ', 'NA', 'NA', 'USA', 'NA', 'NA', 'NA'),
('6606', 'Wis. Farm Oak Mill Rd Middleton Twp ', 'NA', 'NA', 'USA', 'NA', 'NA', 'NA'),
('6607', 'Wood Lake East', 'NA', 'NA', 'USA', 'NA', 'NA', 'NA'),
('6608', 'Woodard hour, Valparaiso', 'Indiana', 'NA', 'USA', 'NA', 'NA', 'NA'),
('6609', 'Woodshole Ms ', 'Massachusetts', 'NA', 'USA', 'NA', 'NA', 'NA'),
('6610', 'Wylie Lane Dump 1.5 mi w of Ohio Ck. Road', 'Colorado', 'Gunnison', 'USA', '106\'86\"W', '38\'37\"N', 'NA');

-- --------------------------------------------------------

--
-- Table structure for table `main`
--

CREATE TABLE `main` (
  `Specimen_ID` varchar(55) NOT NULL,
  `Collecter_ID` varchar(55) NOT NULL,
  `Locality_ID` varchar(55) NOT NULL,
  `Date_ID` varchar(55) NOT NULL,
  `Damage_ID` varchar(55) NOT NULL,
  `Specimen_Location_ID` varchar(55) NOT NULL,
  `Drawer_ID` varchar(55) NOT NULL
) ENGINE=InnoDB DEFAULT CHARSET=utf8;

--
-- Dumping data for table `main`
--

INSERT INTO `main` (`Specimen_ID`, `Collecter_ID`, `Locality_ID`, `Date_ID`, `Damage_ID`, `Specimen_Location_ID`, `Drawer_ID`) VALUES
('1000', '3022', '6547', '2545', '7001', '4007', '5001'),
('1001', '3022', '6547', '2545', '7001', '4007', '5001'),
('1002', '3022', '6547', '2545', '7001', '4007', '5001'),
('1003', '3022', '6547', '2545', '7001', '4007', '5001'),
('1004', '3022', '6547', '2545', '7001', '4007', '5001'),
('1005', '3022', '6547', '2545', '7001', '4007', '5001'),
('1006', '3022', '6547', '2545', '7001', '4007', '5001'),
('1007', '3022', '6547', '2545', '7001', '4007', '5001'),
('1008', '3022', '6547', '2545', '7001', '4007', '5001'),
('1009', '3022', '6547', '2545', '7001', '4007', '5001'),
('1010', '3022', '6547', '2545', '7001', '4007', '5001'),
('1011', '3022', '6547', '2545', '7001', '4007', '5001'),
('1012', '3022', '6547', '2545', '7001', '4007', '5001'),
('1013', '3022', '6547', '2545', '7001', '4007', '5001'),
('1014', '3022', '6547', '2545', '7001', '4007', '5001'),
('1015', '3022', '6547', '2545', '7001', '4007', '5001'),
('1016', '3022', '6547', '2545', '7001', '4007', '5001'),
('1017', '3022', '6547', '2319', '7002', '4008', '5001'),
('1018', '3022', '6547', '2319', '7002', '4008', '5001'),
('1019', '3022', '6547', '2319', '7002', '4008', '5001'),
('1020', '3022', '6547', '2319', '7002', '4008', '5001'),
('1021', '3022', '6547', '2319', '7002', '4008', '5001'),
('1022', '3022', '6547', '2319', '7002', '4008', '5001'),
('1023', '3022', '6547', '2319', '7002', '4008', '5001'),
('1024', '3022', '6547', '2319', '7002', '4008', '5001'),
('1025', '3022', '6547', '2319', '7002', '4008', '5001'),
('1026', '3022', '6058', '2327', '7003', '4009', '5001'),
('1027', '3022', '6058', '2327', '7003', '4009', '5001'),
('1028', '3022', '6058', '2327', '7003', '4009', '5001'),
('1029', '3022', '6058', '2327', '7003', '4009', '5001'),
('1030', '3022', '6058', '2327', '7003', '4009', '5001'),
('1031', '3022', '6058', '2327', '7003', '4009', '5001'),
('1032', '3022', '6058', '2327', '7003', '4009', '5001'),
('1033', '3022', '6058', '2327', '7003', '4009', '5001'),
('1034', '3022', '6058', '2327', '7003', '4009', '5001'),
('1035', '3022', '6058', '2327', '7003', '4009', '5001'),
('1036', '3022', '6058', '2327', '7003', '4009', '5001'),
('1037', '3022', '6058', '2327', '7003', '4009', '5001'),
('1038', '3022', '6058', '2327', '7003', '4009', '5001'),
('1039', '3022', '6058', '2327', '7003', '4009', '5001'),
('1040', '3022', '6156', '2335', '7003', '4010', '5001'),
('1041', '3022', '6156', '2335', '7003', '4010', '5001'),
('1042', '3022', '6156', '2335', '7003', '4010', '5001'),
('1043', '3022', '6156', '2335', '7003', '4010', '5001'),
('1044', '3022', '6156', '2335', '7003', '4010', '5001'),
('1045', '3022', '6156', '2335', '7003', '4010', '5001'),
('1046', '3022', '6156', '2335', '7003', '4010', '5001'),
('1047', '3022', '6156', '2335', '7003', '4010', '5001'),
('1048', '3022', '6156', '2335', '7003', '4010', '5001'),
('1049', '3025', '6025', '2545', '7001', '4192', '5019'),
('1050', '3025', '6025', '2545', '7001', '4192', '5019'),
('1051', '3025', '6025', '2545', '7001', '4192', '5019'),
('1052', '3025', '6025', '2545', '7001', '4192', '5019'),
('1053', '3025', '6025', '2545', '7001', '4192', '5019'),
('1054', '3025', '6025', '2545', '7001', '4192', '5019'),
('1055', '3025', '6025', '2545', '7001', '4192', '5019'),
('1056', '3025', '6025', '2545', '7001', '4192', '5019'),
('1057', '3025', '6025', '2545', '7001', '4192', '5019'),
('1058', '3025', '6025', '2545', '7001', '4192', '5019'),
('1059', '3025', '6025', '2545', '7001', '4192', '5019'),
('1060', '3022', '6275', '2399', '7001', '5037', '4380'),
('1061', '3008', '6411', '2125', '7001', '5086', '4732');

-- --------------------------------------------------------

--
-- Table structure for table `specimen_location`
--

CREATE TABLE `specimen_location` (
  `Specimen_Location_ID` varchar(50) NOT NULL,
  `Drawer_ID` varchar(55) NOT NULL,
  `Tray_Number` varchar(55) NOT NULL
) ENGINE=InnoDB DEFAULT CHARSET=utf8;

--
-- Dumping data for table `specimen_location`
--

INSERT INTO `specimen_location` (`Specimen_Location_ID`, `Drawer_ID`, `Tray_Number`) VALUES
('4000', '5000', '1'),
('4001', '5000', '2'),
('4002', '5000', '3'),
('4003', '5000', '4'),
('4004', '5000', '5'),
('4005', '5000', '6'),
('4006', '5000', '7'),
('4007', '5001', '1'),
('4008', '5001', '2'),
('4009', '5001', '3'),
('4010', '5001', '4'),
('4011', '5001', '5'),
('4012', '5001', '6'),
('4013', '5001', '7'),
('4014', '5001', '8'),
('4015', '5001', '9'),
('4016', '5001', '10'),
('4017', '5001', '11'),
('4018', '5001', '12'),
('4019', '5001', '13'),
('4020', '5002', '1'),
('4021', '5002', '2'),
('4022', '5002', '3'),
('4023', '5002', '4'),
('4024', '5002', '5'),
('4025', '5002', '6'),
('4026', '5002', '7'),
('4027', '5002', '8'),
('4028', '5002', '9'),
('4029', '5003', '1'),
('4030', '5003', '2'),
('4031', '5003', '3'),
('4032', '5003', '4'),
('4033', '5003', '5'),
('4034', '5003', '6'),
('4035', '5003', '7'),
('4036', '5003', '8'),
('4037', '5004', '1'),
('4038', '5004', '2'),
('4039', '5004', '3'),
('4040', '5004', '4'),
('4041', '5004', '5'),
('4042', '5004', '6'),
('4043', '5004', '7'),
('4044', '5004', '8'),
('4045', '5004', '9'),
('4046', '5005', '1'),
('4047', '5005', '2'),
('4048', '5005', '3'),
('4049', '5005', '4'),
('4050', '5005', '5'),
('4051', '5005', '6'),
('4052', '5005', '7'),
('4053', '5006', '1'),
('4054', '5006', '2'),
('4055', '5006', '3'),
('4056', '5006', '4'),
('4057', '5006', '5'),
('4058', '5006', '6'),
('4059', '5006', '7'),
('4060', '5006', '8'),
('4061', '5007', '1'),
('4062', '5007', '2'),
('4063', '5007', '3'),
('4064', '5007', '4'),
('4065', '5007', '5'),
('4066', '5007', '6'),
('4067', '5007', '7'),
('4068', '5007', '8'),
('4069', '5007', '9'),
('4070', '5007', '10'),
('4071', '5007', '11'),
('4072', '5007', '12'),
('4073', '5007', '13'),
('4074', '5007', '14'),
('4075', '5007', '15'),
('4076', '5007', '16'),
('4077', '5007', '17'),
('4078', '5007', '18'),
('4079', '5008', '1'),
('4080', '5008', '2'),
('4081', '5008', '3'),
('4082', '5008', '4'),
('4083', '5008', '5'),
('4084', '5008', '6'),
('4085', '5008', '7'),
('4086', '5008', '8'),
('4087', '5008', '9'),
('4088', '5008', '10'),
('4089', '5008', '11'),
('4090', '5008', '12'),
('4091', '5008', '13'),
('4092', '5008', '14'),
('4093', '5008', '15'),
('4094', '5008', '16'),
('4095', '5008', '17'),
('4096', '5008', '18'),
('4097', '5009', '1'),
('4098', '5009', '2'),
('4099', '5009', '3'),
('4100', '5009', '4'),
('4101', '5009', '5'),
('4102', '5009', '6'),
('4103', '5009', '7'),
('4104', '5009', '8'),
('4105', '5010', '1'),
('4106', '5010', '2'),
('4107', '5010', '3'),
('4108', '5010', '4'),
('4109', '5010', '5'),
('4110', '5010', '6'),
('4111', '5010', '7'),
('4112', '5010', '8'),
('4113', '5010', '9'),
('4114', '5010', '10'),
('4115', '5010', '11'),
('4116', '5010', '12'),
('4117', '5010', '13'),
('4118', '5010', '14'),
('4119', '5011', '1'),
('4120', '5011', '2'),
('4121', '5011', '3'),
('4122', '5011', '4'),
('4123', '5011', '5'),
('4124', '5011', '6'),
('4125', '5011', '7'),
('4126', '5011', '8'),
('4127', '5011', '9'),
('4128', '5011', '10'),
('4129', '5011', '11'),
('4130', '5011', '12'),
('4131', '5011', '13'),
('4132', '5011', '14'),
('4133', '5011', '15'),
('4134', '5011', '16'),
('4135', '5011', '17'),
('4136', '5011', '18'),
('4137', '5012', '1'),
('4138', '5012', '2'),
('4139', '5012', '3'),
('4140', '5012', '4'),
('4141', '5012', '5'),
('4142', '5012', '6'),
('4143', '5012', '7'),
('4144', '5012', '8'),
('4145', '5012', '9'),
('4146', '5013', '1'),
('4147', '5013', '2'),
('4148', '5013', '3'),
('4149', '5013', '4'),
('4150', '5013', '5'),
('4151', '5013', '6'),
('4152', '5013', '7'),
('4153', '5013', '8'),
('4154', '5014', '1'),
('4155', '5014', '2'),
('4156', '5014', '3'),
('4157', '5014', '4'),
('4158', '5014', '5'),
('4159', '5014', '6'),
('4160', '5015', '1'),
('4161', '5015', '2'),
('4162', '5015', '3'),
('4163', '5015', '4'),
('4164', '5015', '5'),
('4165', '5015', '6'),
('4166', '5015', '7'),
('4167', '5015', '8'),
('4168', '5016', '1'),
('4169', '5016', '2'),
('4170', '5016', '3'),
('4171', '5016', '4'),
('4172', '5016', '5'),
('4173', '5016', '6'),
('4174', '5016', '7'),
('4175', '5016', '8'),
('4176', '5017', '1'),
('4177', '5017', '2'),
('4178', '5017', '3'),
('4179', '5017', '4'),
('4180', '5017', '5'),
('4181', '5017', '6'),
('4182', '5018', '1'),
('4183', '5018', '2'),
('4184', '5018', '3'),
('4185', '5018', '4'),
('4186', '5018', '5'),
('4187', '5018', '6'),
('4188', '5018', '7'),
('4189', '5018', '8'),
('4190', '5019', '1'),
('4191', '5019', '2'),
('4192', '5019', '3'),
('4193', '5019', '4'),
('4194', '5019', '5'),
('4195', '5019', '6'),
('4196', '5019', '7'),
('4197', '5019', '8'),
('4198', '5020', '1'),
('4199', '5020', '2'),
('4200', '5020', '3'),
('4201', '5020', '4'),
('4202', '5020', '5'),
('4203', '5020', '6'),
('4204', '5020', '7'),
('4205', '5020', '8'),
('4206', '5020', '9'),
('4207', '5020', '10'),
('4208', '5021', '1'),
('4209', '5021', '2'),
('4210', '5021', '3'),
('4211', '5021', '4'),
('4212', '5021', '5'),
('4213', '5021', '6'),
('4214', '5021', '7'),
('4215', '5021', '8'),
('4216', '5021', '9'),
('4217', '5021', '10'),
('4218', '5021', '11'),
('4219', '5021', '12'),
('4220', '5021', '13'),
('4221', '5021', '14'),
('4222', '5021', '15'),
('4223', '5021', '16'),
('4224', '5021', '17'),
('4225', '5021', '18'),
('4226', '5021', '19'),
('4227', '5022', '1'),
('4228', '5022', '2'),
('4229', '5022', '3'),
('4230', '5022', '4'),
('4231', '5022', '5'),
('4232', '5022', '6'),
('4233', '5022', '7'),
('4234', '5022', '8'),
('4235', '5022', '9'),
('4236', '5022', '10'),
('4237', '5023', '1'),
('4238', '5023', '2'),
('4239', '5023', '3'),
('4240', '5023', '4'),
('4241', '5023', '5'),
('4242', '5023', '6'),
('4243', '5023', '7'),
('4244', '5023', '8'),
('4245', '5023', '9'),
('4246', '5023', '10'),
('4247', '5023', '11'),
('4248', '5023', '12'),
('4249', '5023', '13'),
('4250', '5023', '14'),
('4251', '5023', '15'),
('4252', '5024', '1'),
('4253', '5024', '2'),
('4254', '5024', '3'),
('4255', '5024', '4'),
('4256', '5024', '5'),
('4257', '5024', '6'),
('4258', '5024', '7'),
('4259', '5024', '8'),
('4260', '5024', '9'),
('4261', '5024', '10'),
('4262', '5025', '1'),
('4263', '5025', '2'),
('4264', '5025', '3'),
('4265', '5025', '4'),
('4266', '5025', '5'),
('4267', '5025', '6'),
('4268', '5025', '7'),
('4269', '5025', '8'),
('4270', '5025', '9'),
('4271', '5025', '10'),
('4272', '5025', '11'),
('4273', '5025', '12'),
('4274', '5025', '13'),
('4275', '5025', '14'),
('4276', '5026', '1'),
('4277', '5026', '2'),
('4278', '5026', '3'),
('4279', '5026', '4'),
('4280', '5026', '5'),
('4281', '5026', '6'),
('4282', '5026', '7'),
('4283', '5026', '8'),
('4284', '5026', '9'),
('4285', '5026', '10'),
('4286', '5026', '11'),
('4287', '5027', '1'),
('4288', '5027', '2'),
('4289', '5027', '3'),
('4290', '5027', '4'),
('4291', '5027', '5'),
('4292', '5027', '6'),
('4293', '5027', '7'),
('4294', '5027', '8'),
('4295', '5027', '9'),
('4296', '5027', '10'),
('4297', '5027', '11'),
('4298', '5028', '1'),
('4299', '5028', '2'),
('4300', '5028', '3'),
('4301', '5028', '4'),
('4302', '5028', '5'),
('4303', '5028', '6'),
('4304', '5028', '7'),
('4305', '5028', '8'),
('4306', '5029', '1'),
('4307', '5029', '2'),
('4308', '5029', '3'),
('4309', '5029', '4'),
('4310', '5029', '5'),
('4311', '5029', '6'),
('4312', '5029', '7'),
('4313', '5029', '8'),
('4314', '5030', '1'),
('4315', '5030', '2'),
('4316', '5030', '3'),
('4317', '5030', '4'),
('4318', '5030', '5'),
('4319', '5030', '6'),
('4320', '5030', '7'),
('4321', '5030', '8'),
('4322', '5031', '1'),
('4323', '5031', '2'),
('4324', '5031', '3'),
('4325', '5031', '4'),
('4326', '5031', '5'),
('4327', '5031', '6'),
('4328', '5031', '7'),
('4329', '5031', '8'),
('4330', '5031', '9'),
('4331', '5031', '10'),
('4332', '5032', '1'),
('4333', '5032', '2'),
('4334', '5032', '3'),
('4335', '5032', '4'),
('4336', '5032', '5'),
('4337', '5032', '6'),
('4338', '5033', '1'),
('4339', '5033', '2'),
('4340', '5033', '3'),
('4341', '5033', '4'),
('4342', '5033', '5'),
('4343', '5033', '6'),
('4344', '5033', '7'),
('4345', '5033', '8'),
('4346', '5034', '1'),
('4347', '5034', '2'),
('4348', '5034', '3'),
('4349', '5034', '4'),
('4350', '5034', '5'),
('4351', '5034', '6'),
('4352', '5034', '7'),
('4353', '5034', '8'),
('4354', '5034', '9'),
('4355', '5034', '10'),
('4356', '5034', '11'),
('4357', '5034', '12'),
('4358', '5034', '13'),
('4359', '5034', '14'),
('4360', '5034', '15'),
('4361', '5034', '16'),
('4362', '5035', '1'),
('4363', '5035', '2'),
('4364', '5035', '3'),
('4365', '5035', '4'),
('4366', '5035', '5'),
('4367', '5035', '6'),
('4368', '5035', '7'),
('4369', '5035', '8'),
('4370', '5036', '1'),
('4371', '5036', '2'),
('4372', '5036', '3'),
('4373', '5036', '4'),
('4374', '5036', '5'),
('4375', '5036', '6'),
('4376', '5036', '7'),
('4377', '5037', '1'),
('4378', '5037', '2'),
('4379', '5037', '3'),
('4380', '5037', '4'),
('4381', '5037', '5'),
('4382', '5037', '6'),
('4383', '5037', '7'),
('4384', '5037', '8'),
('4385', '5038', '1'),
('4386', '5038', '2'),
('4387', '5038', '3'),
('4388', '5038', '4'),
('4389', '5038', '5'),
('4390', '5038', '6'),
('4391', '5038', '7'),
('4392', '5038', '8'),
('4393', '5039', '1'),
('4394', '5039', '2'),
('4395', '5039', '3'),
('4396', '5039', '4'),
('4397', '5039', '5'),
('4398', '5039', '6'),
('4399', '5039', '7'),
('4400', '5039', '8'),
('4401', '5040', '1'),
('4402', '5040', '2'),
('4403', '5040', '3'),
('4404', '5040', '4'),
('4405', '5040', '5'),
('4406', '5040', '6'),
('4407', '5040', '7'),
('4408', '5040', '8'),
('4409', '5041', '1'),
('4410', '5041', '2'),
('4411', '5041', '3'),
('4412', '5041', '4'),
('4413', '5041', '5'),
('4414', '5041', '6'),
('4415', '5041', '7'),
('4416', '5042', '1'),
('4417', '5042', '2'),
('4418', '5042', '3'),
('4419', '5042', '4'),
('4420', '5042', '5'),
('4421', '5042', '6'),
('4422', '5042', '7'),
('4423', '5042', '8'),
('4424', '5043', '1'),
('4425', '5043', '2'),
('4426', '5043', '3'),
('4427', '5043', '4'),
('4428', '5043', '5'),
('4429', '5043', '6'),
('4430', '5043', '7'),
('4431', '5043', '8'),
('4432', '5043', '9'),
('4433', '5044', '1'),
('4434', '5044', '2'),
('4435', '5044', '3'),
('4436', '5044', '4'),
('4437', '5044', '5'),
('4438', '5044', '6'),
('4439', '5044', '7'),
('4440', '5044', '8'),
('4441', '5044', '9'),
('4442', '5044', '10'),
('4443', '5044', '11'),
('4444', '5045', '1'),
('4445', '5045', '2'),
('4446', '5045', '3'),
('4447', '5045', '4'),
('4448', '5045', '5'),
('4449', '5045', '6'),
('4450', '5046', '1'),
('4451', '5046', '2'),
('4452', '5046', '3'),
('4453', '5046', '4'),
('4454', '5046', '5'),
('4455', '5047', '1'),
('4456', '5047', '2'),
('4457', '5047', '3'),
('4458', '5047', '4'),
('4459', '5047', '5'),
('4460', '5047', '6'),
('4461', '5047', '7'),
('4462', '5047', '8'),
('4463', '5047', '9'),
('4464', '5047', '10'),
('4465', '5047', '11'),
('4466', '5048', '1'),
('4467', '5048', '2'),
('4468', '5048', '3'),
('4469', '5048', '4'),
('4470', '5048', '5'),
('4471', '5048', '6'),
('4472', '5048', '7'),
('4473', '5048', '8'),
('4474', '5049', '1'),
('4475', '5049', '2'),
('4476', '5049', '3'),
('4477', '5049', '4'),
('4478', '5049', '5'),
('4479', '5049', '6'),
('4480', '5049', '7'),
('4481', '5049', '8'),
('4482', '5050', '1'),
('4483', '5050', '2'),
('4484', '5050', '3'),
('4485', '5050', '4'),
('4486', '5050', '5'),
('4487', '5050', '6'),
('4488', '5050', '7'),
('4489', '5050', '8'),
('4490', '5051', '1'),
('4491', '5051', '2'),
('4492', '5051', '3'),
('4493', '5051', '4'),
('4494', '5051', '5'),
('4495', '5051', '6'),
('4496', '5051', '7'),
('4497', '5051', '8'),
('4498', '5052', '1'),
('4499', '5052', '2'),
('4500', '5052', '3'),
('4501', '5052', '4'),
('4502', '5052', '5'),
('4503', '5052', '6'),
('4504', '5052', '7'),
('4505', '5052', '8'),
('4506', '5053', '1'),
('4507', '5053', '2'),
('4508', '5053', '3'),
('4509', '5053', '4'),
('4510', '5053', '5'),
('4511', '5053', '6'),
('4512', '5053', '7'),
('4513', '5053', '8'),
('4514', '5053', '9'),
('4515', '5053', '10'),
('4516', '5053', '11'),
('4517', '5053', '12'),
('4518', '5053', '13'),
('4519', '5053', '14'),
('4520', '5053', '15'),
('4521', '5053', '16'),
('4522', '5053', '17'),
('4523', '5054', '1'),
('4524', '5054', '2'),
('4525', '5054', '3'),
('4526', '5054', '4'),
('4527', '5054', '5'),
('4528', '5054', '6'),
('4529', '5054', '7'),
('4530', '5054', '8'),
('4531', '5055', '1'),
('4532', '5055', '2'),
('4533', '5055', '3'),
('4534', '5055', '4'),
('4535', '5055', '5'),
('4536', '5055', '6'),
('4537', '5055', '7'),
('4538', '5055', '8'),
('4539', '5055', '9'),
('4540', '5055', '10'),
('4541', '5055', '11'),
('4542', '5055', '12'),
('4543', '5055', '13'),
('4544', '5055', '14'),
('4545', '5055', '15'),
('4546', '5055', '16'),
('4547', '5055', '17'),
('4548', '5055', '18'),
('4549', '5055', '19'),
('4550', '5055', '20'),
('4551', '5055', '21'),
('4552', '5055', '22'),
('4553', '5056', '1'),
('4554', '5056', '2'),
('4555', '5056', '3'),
('4556', '5056', '4'),
('4557', '5056', '5'),
('4558', '5056', '6'),
('4559', '5056', '7'),
('4560', '5056', '8'),
('4561', '5057', '1'),
('4562', '5057', '2'),
('4563', '5057', '3'),
('4564', '5057', '4'),
('4565', '5057', '5'),
('4566', '5057', '6'),
('4567', '5057', '7'),
('4568', '5057', '8'),
('4569', '5057', '9'),
('4570', '5057', '10'),
('4571', '5058', '1'),
('4572', '5058', '2'),
('4573', '5058', '3'),
('4574', '5058', '4'),
('4575', '5058', '5'),
('4576', '5058', '6'),
('4577', '5058', '7'),
('4578', '5058', '8'),
('4579', '5058', '9'),
('4580', '5058', '10'),
('4581', '5059', 'NA'),
('4582', '5060', 'NA'),
('4583', '5061', 'NA'),
('4584', '5062', 'NA'),
('4585', '5063', 'NA'),
('4586', '5064', 'NA'),
('4587', '5065', 'NA'),
('4588', '5066', 'NA'),
('4589', '5067', 'na'),
('4590', '5068', '1'),
('4591', '5068', '2'),
('4592', '5068', '3'),
('4593', '5068', '4'),
('4594', '5068', '5'),
('4595', '5068', '6'),
('4596', '5069', '1'),
('4597', '5069', '2'),
('4598', '5069', '3'),
('4599', '5069', '4'),
('4600', '5069', '5'),
('4601', '5069', '6'),
('4602', '5069', '7'),
('4603', '5069', '8'),
('4604', '5070', '1'),
('4605', '5070', '2'),
('4606', '5070', '3'),
('4607', '5070', '4'),
('4608', '5070', '5'),
('4609', '5070', '6'),
('4610', '5070', '7'),
('4611', '5071', '1'),
('4612', '5071', '2'),
('4613', '5071', '3'),
('4614', '5071', '4'),
('4615', '5071', '5'),
('4616', '5071', '6'),
('4617', '5071', '7'),
('4618', '5071', '8'),
('4619', '5071', '9'),
('4620', '5071', '10'),
('4621', '5071', '11'),
('4622', '5071', '12'),
('4623', '5071', '13'),
('4624', '5071', '14'),
('4625', '5072', '1'),
('4626', '5072', '2'),
('4627', '5072', '3'),
('4628', '5072', '4'),
('4629', '5072', '5'),
('4630', '5072', '6'),
('4631', '5072', '7'),
('4632', '5072', '8'),
('4633', '5073', '1'),
('4634', '5073', '2'),
('4635', '5073', '3'),
('4636', '5073', '4'),
('4637', '5073', '5'),
('4638', '5073', '6'),
('4639', '5073', '7'),
('4640', '5074', '1'),
('4641', '5074', '2'),
('4642', '5074', '3'),
('4643', '5074', '4'),
('4644', '5074', '5'),
('4645', '5074', '6'),
('4646', '5074', '7'),
('4647', '5074', '8'),
('4648', '5074', '9'),
('4649', '5075', 'NA'),
('4650', '5076', 'NA'),
('4651', '5077', '1'),
('4652', '5077', '2'),
('4653', '5077', '3'),
('4654', '5077', '4'),
('4655', '5077', '5'),
('4656', '5077', '6'),
('4657', '5077', '7'),
('4658', '5077', '8'),
('4659', '5078', '1'),
('4660', '5078', '2'),
('4661', '5078', '3'),
('4662', '5078', '4'),
('4663', '5078', '5'),
('4664', '5078', '6'),
('4665', '5078', '7'),
('4666', '5078', '8'),
('4667', '5078', '9'),
('4668', '5078', '10'),
('4669', '5079', '1'),
('4670', '5079', '2'),
('4671', '5079', '3'),
('4672', '5079', '4'),
('4673', '5079', '5'),
('4674', '5079', '6'),
('4675', '5079', '7'),
('4676', '5079', '8'),
('4677', '5080', '1'),
('4678', '5080', '2'),
('4679', '5080', '3'),
('4680', '5080', '4'),
('4681', '5080', '5'),
('4682', '5080', '6'),
('4683', '5080', '7'),
('4684', '5080', '8'),
('4685', '5080', '9'),
('4686', '5081', '1'),
('4687', '5081', '2'),
('4688', '5081', '3'),
('4689', '5081', '4'),
('4690', '5081', '5'),
('4691', '5081', '6'),
('4692', '5081', '7'),
('4693', '5081', '8'),
('4694', '5081', '9'),
('4695', '5082', '1'),
('4696', '5082', '2'),
('4697', '5082', '3'),
('4698', '5082', '4'),
('4699', '5082', '5'),
('4700', '5082', '6'),
('4701', '5082', '7'),
('4702', '5083', '1'),
('4703', '5083', '2'),
('4704', '5083', '3'),
('4705', '5083', '4'),
('4706', '5083', '5'),
('4707', '5083', '6'),
('4708', '5083', '7'),
('4709', '5083', '8'),
('4710', '5083', '9'),
('4711', '5084', '1'),
('4712', '5084', '2'),
('4713', '5084', '3'),
('4714', '5084', '4'),
('4715', '5084', '5'),
('4716', '5084', '6'),
('4717', '5084', '7'),
('4718', '5084', '8'),
('4719', '5085', '1'),
('4720', '5085', '2'),
('4721', '5085', '3'),
('4722', '5085', '4'),
('4723', '5085', '5'),
('4724', '5085', '6'),
('4725', '5085', '7'),
('4726', '5085', '8'),
('4727', '5086', '1'),
('4728', '5086', '2'),
('4729', '5086', '3'),
('4730', '5086', '4'),
('4731', '5086', '5'),
('4732', '5086', '6'),
('4733', '5086', '7'),
('4734', '5086', '8'),
('4735', '5086', '9'),
('4736', '5087', '1'),
('4737', '5087', '2'),
('4738', '5087', '3'),
('4739', '5087', '4'),
('4740', '5087', '5'),
('4741', '5087', '6'),
('4742', '5087', '7'),
('4743', '5087', '8'),
('4744', '5087', '9'),
('4745', '5088', '1'),
('4746', '5088', '2'),
('4747', '5088', '3'),
('4748', '5088', '4'),
('4749', '5088', '5'),
('4750', '5088', '6'),
('4751', '5088', '7'),
('4752', '5088', '8'),
('4753', '5088', '9'),
('4754', '5067', 'na'),
('4755', '5067', 'na');

-- --------------------------------------------------------

--
-- Structure for view `drawer name n specimen number`
--
DROP TABLE IF EXISTS `drawer name n specimen number`;

CREATE ALGORITHM=UNDEFINED DEFINER=`root`@`localhost` SQL SECURITY DEFINER VIEW `drawer name n specimen number`  AS  select `main`.`Specimen_ID` AS `Specimen_ID`,`drawer_information`.`Drawer_ID` AS `Drawer_ID`,`drawer_information`.`Drawer_Label` AS `Drawer_Label` from (`drawer_information` join `main` on((`main`.`Drawer_ID` = `drawer_information`.`Drawer_ID`))) WITH LOCAL CHECK OPTION ;

-- --------------------------------------------------------

--
-- Structure for view `drawer number and tray`
--
DROP TABLE IF EXISTS `drawer number and tray`;

CREATE ALGORITHM=UNDEFINED DEFINER=`root`@`localhost` SQL SECURITY DEFINER VIEW `drawer number and tray`  AS  select `specimen_location`.`Specimen_Location_ID` AS `Specimen_Location_ID`,`specimen_location`.`Drawer_ID` AS `Drawer_ID`,`drawer_information`.`Drawer_Number` AS `Drawer_Number`,`specimen_location`.`Tray_Number` AS `Tray_Number` from (`specimen_location` join `drawer_information` on((`drawer_information`.`Drawer_ID` = `specimen_location`.`Drawer_ID`))) WITH LOCAL CHECK OPTION ;

--
-- Indexes for dumped tables
--

--
-- Indexes for table `collecter`
--
ALTER TABLE `collecter`
  ADD PRIMARY KEY (`Collecter_ID`),
  ADD KEY `Collecter_ID` (`Collecter_ID`);

--
-- Indexes for table `damage`
--
ALTER TABLE `damage`
  ADD PRIMARY KEY (`Damage_ID`),
  ADD KEY `Damage_Status` (`Damage_Status`);

--
-- Indexes for table `date`
--
ALTER TABLE `date`
  ADD PRIMARY KEY (`Date_ID`),
  ADD KEY `Date_ID` (`Date_ID`);

--
-- Indexes for table `drawer_information`
--
ALTER TABLE `drawer_information`
  ADD PRIMARY KEY (`Drawer_ID`),
  ADD KEY `Drawer_ID` (`Drawer_ID`);

--
-- Indexes for table `locality`
--
ALTER TABLE `locality`
  ADD PRIMARY KEY (`Locality_ID`),
  ADD KEY `Locality_ID` (`Locality_ID`);

--
-- Indexes for table `main`
--
ALTER TABLE `main`
  ADD PRIMARY KEY (`Specimen_ID`),
  ADD KEY `Specimen_ID` (`Specimen_ID`),
  ADD KEY `Collecter_ID` (`Collecter_ID`),
  ADD KEY `Locality_ID` (`Locality_ID`),
  ADD KEY `Date_ID` (`Date_ID`),
  ADD KEY `Specimen_Location_ID` (`Specimen_Location_ID`),
  ADD KEY `Damage_ID` (`Damage_ID`),
  ADD KEY `Drawer_ID` (`Drawer_ID`);

--
-- Indexes for table `specimen_location`
--
ALTER TABLE `specimen_location`
  ADD PRIMARY KEY (`Specimen_Location_ID`),
  ADD KEY `Specimen_Location_ID` (`Specimen_Location_ID`),
  ADD KEY `Drawer_ID` (`Drawer_ID`);

--
-- Constraints for dumped tables
--

--
-- Constraints for table `drawer_information`
--
ALTER TABLE `drawer_information`
  ADD CONSTRAINT `drawer_information_ibfk_1` FOREIGN KEY (`Drawer_ID`) REFERENCES `specimen_location` (`Drawer_ID`) ON DELETE CASCADE ON UPDATE CASCADE;

--
-- Constraints for table `specimen_location`
--
ALTER TABLE `specimen_location`
  ADD CONSTRAINT `specimen_location_ibfk_1` FOREIGN KEY (`Drawer_ID`) REFERENCES `drawer_information` (`Drawer_ID`) ON DELETE NO ACTION ON UPDATE CASCADE;
COMMIT;

/*!40101 SET CHARACTER_SET_CLIENT=@OLD_CHARACTER_SET_CLIENT */;
/*!40101 SET CHARACTER_SET_RESULTS=@OLD_CHARACTER_SET_RESULTS */;
/*!40101 SET COLLATION_CONNECTION=@OLD_COLLATION_CONNECTION */;
